game,playoff,date,team,loc,opp,result,gs,mp,fg,fga,fg_pct,fg3,fg3a,fg3_pct,ft,fta,ft_pct,orb,drb,trb,ast,stl,blk,tov,pf,pts,gmsc,plus_minus,ts_pct,eFG_pct,orb_pct,drb_pct,trb_pct,ast_pct,stl_pct,blk_pct,tov_pct,usg_pct,off_rtg,def_rtg,Name
1,/play-index/pgl_cum_stats.cgi?player=thompkl01&year=2017&date_game=2016-10-25&is_playoff_game=N,2016-10-25,GSW,,SAS,L (-29),1,33:21,5,13,.385,1,6,.167,0,0,,0,1,1,2,0,0,1,4,11,3.0,-6,.423,.423,0.0,3.0,1.6,8.8,0.0,0.0,7.1,18.5,84,142,Klay Thompson
2,/play-index/pgl_cum_stats.cgi?player=thompkl01&year=2017&date_game=2016-10-28&is_playoff_game=N,2016-10-28,GSW,@,NOP,W (+8),1,38:57,11,21,.524,2,9,.222,4,4,1.000,0,2,2,4,1,0,1,0,28,21.1,+4,.615,.571,0.0,4.7,2.5,16.2,1.1,0.0,4.2,25.0,121,110,Klay Thompson
3,/play-index/pgl_cum_stats.cgi?player=thompkl01&year=2017&date_game=2016-10-30&is_playoff_game=N,2016-10-30,GSW,@,PHO,W (+6),1,40:03,5,15,.333,0,6,.000,4,5,.800,0,6,6,2,0,1,2,3,14,5.8,+14,.407,.333,0.0,15.3,7.7,8.3,0.0,1.8,10.4,20.5,78,103,Klay Thompson
4,/play-index/pgl_cum_stats.cgi?player=thompkl01&year=2017&date_game=2016-11-01&is_playoff_game=N,2016-11-01,GSW,@,POR,W (+23),1,30:13,6,17,.353,0,7,.000,2,2,1.000,2,3,5,4,0,0,2,4,14,6.0,+4,.391,.353,9.6,10.8,10.3,15.7,0.0,0.0,10.1,27.4,90,107,Klay Thompson
5,/play-index/pgl_cum_stats.cgi?player=thompkl01&year=2017&date_game=2016-11-03&is_playoff_game=N,2016-11-03,GSW,,OKC,W (+26),1,32:58,7,14,.500,4,8,.500,0,0,,1,0,1,3,2,1,2,3,18,13.3,+7,.643,.643,3.4,0.0,1.7,12.2,3.0,2.4,12.5,20.7,125,104,Klay Thompson
6,/play-index/pgl_cum_stats.cgi?player=thompkl01&year=2017&date_game=2016-11-04&is_playoff_game=N,2016-11-04,GSW,@,LAL,L (-20),1,37:32,4,18,.222,2,10,.200,0,0,,0,3,3,1,2,1,4,1,10,-1.1,-16,.278,.278,0.0,8.2,4.2,3.8,2.5,2.0,18.2,24.5,48,116,Klay Thompson
7,/play-index/pgl_cum_stats.cgi?player=thompkl01&year=2017&date_game=2016-11-07&is_playoff_game=N,2016-11-07,GSW,,NOP,W (+10),1,38:00,11,20,.550,2,7,.286,0,0,,0,4,4,1,3,0,1,2,24,17.5,+3,.600,.600,0.0,13.0,6.2,4.1,3.9,0.0,4.8,24.1,110,108,Klay Thompson
8,/play-index/pgl_cum_stats.cgi?player=thompkl01&year=2017&date_game=2016-11-09&is_playoff_game=N,2016-11-09,GSW,,DAL,W (+21),1,28:49,8,13,.615,4,7,.571,0,0,,0,2,2,4,0,0,3,5,20,12.5,+20,.769,.769,0.0,7.1,4.1,22.5,0.0,0.0,18.8,27.0,118,111,Klay Thompson
9,/play-index/pgl_cum_stats.cgi?player=thompkl01&year=2017&date_game=2016-11-10&is_playoff_game=N,2016-11-10,GSW,@,DEN,W (+24),1,31:37,7,14,.500,3,4,.750,2,2,1.000,0,2,2,3,1,0,3,1,19,12.3,+23,.638,.607,0.0,5.8,3.5,12.9,1.5,0.0,16.8,24.9,109,111,Klay Thompson
10,/play-index/pgl_cum_stats.cgi?player=thompkl01&year=2017&date_game=2016-11-13&is_playoff_game=N,2016-11-13,GSW,,PHO,W (+13),1,33:26,11,18,.611,5,8,.625,3,3,1.000,0,2,2,1,0,0,5,3,30,16.9,+2,.776,.750,0.0,6.7,3.5,4.9,0.0,0.0,20.6,29.9,110,121,Klay Thompson
11,/play-index/pgl_cum_stats.cgi?player=thompkl01&year=2017&date_game=2016-11-16&is_playoff_game=N,2016-11-16,GSW,@,TOR,W (+6),1,31:30,4,15,.267,3,11,.273,4,4,1.000,1,3,4,1,0,1,0,1,15,8.7,-9,.447,.367,3.8,11.1,7.5,4.0,0.0,2.7,0.0,22.9,99,127,Klay Thompson
12,/play-index/pgl_cum_stats.cgi?player=thompkl01&year=2017&date_game=2016-11-18&is_playoff_game=N,2016-11-18,GSW,@,BOS,W (+16),1,30:42,12,21,.571,3,6,.500,1,1,1.000,1,3,4,3,0,0,2,2,28,19.0,+28,.653,.643,3.5,9.8,6.7,18.6,0.0,0.0,8.5,34.5,116,101,Klay Thompson
13,/play-index/pgl_cum_stats.cgi?player=thompkl01&year=2017&date_game=2016-11-19&is_playoff_game=N,2016-11-19,GSW,@,MIL,W (+3),1,37:57,9,17,.529,5,10,.500,6,6,1.000,0,3,3,2,0,0,3,1,29,19.6,+21,.738,.676,0.0,10.3,4.4,8.3,0.0,0.0,13.3,23.7,132,128,Klay Thompson
14,/play-index/pgl_cum_stats.cgi?player=thompkl01&year=2017&date_game=2016-11-21&is_playoff_game=N,2016-11-21,GSW,@,IND,W (+37),1,26:23,10,18,.556,4,10,.400,1,2,.500,0,1,1,0,2,0,2,3,25,15.1,+24,.662,.667,0.0,2.9,1.7,0.0,3.6,0.0,9.6,32.7,109,88,Klay Thompson
15,/play-index/pgl_cum_stats.cgi?player=thompkl01&year=2017&date_game=2016-11-23&is_playoff_game=N,2016-11-23,GSW,,LAL,W (+43),1,23:39,9,14,.643,4,7,.571,4,4,1.000,0,2,2,2,0,0,1,4,26,19.2,+4,.825,.786,0.0,8.3,4.8,11.7,0.0,0.0,6.0,30.5,145,108,Klay Thompson
16,/play-index/pgl_cum_stats.cgi?player=thompkl01&year=2017&date_game=2016-11-25&is_playoff_game=N,2016-11-25,GSW,@,LAL,W (+24),1,33:11,7,17,.412,1,6,.167,3,4,.750,0,7,7,0,0,0,1,1,18,9.2,+35,.480,.441,0.0,18.8,11.4,0.0,0.0,0.0,5.1,26.6,87,89,Klay Thompson
17,/play-index/pgl_cum_stats.cgi?player=thompkl01&year=2017&date_game=2016-11-26&is_playoff_game=N,2016-11-26,GSW,,MIN,W (+13),1,38:10,9,17,.529,4,9,.444,1,2,.500,1,5,6,2,1,0,2,1,23,16.5,+10,.643,.647,3.5,15.3,9.8,7.5,1.3,0.0,10.1,23.5,124,111,Klay Thompson
18,/play-index/pgl_cum_stats.cgi?player=thompkl01&year=2017&date_game=2016-11-28&is_playoff_game=N,2016-11-28,GSW,,ATL,W (+5),1,37:04,8,18,.444,3,6,.500,1,1,1.000,2,2,4,2,1,1,2,3,20,12.5,+3,.542,.528,5.9,5.4,5.6,9.7,1.3,2.3,9.8,24.2,101,103,Klay Thompson
19,/play-index/pgl_cum_stats.cgi?player=thompkl01&year=2017&date_game=2016-12-01&is_playoff_game=N,2016-12-01,GSW,,HOU,L (-5),1,47:12,4,20,.200,3,13,.231,4,6,.667,0,6,6,3,0,0,2,1,15,3.3,-6,.331,.275,0.0,13.2,6.7,9.7,0.0,0.0,8.1,22.1,72,116,Klay Thompson
20,/play-index/pgl_cum_stats.cgi?player=thompkl01&year=2017&date_game=2016-12-03&is_playoff_game=N,2016-12-03,GSW,,PHO,W (+29),1,33:36,10,17,.588,6,7,.857,0,0,,1,4,5,3,2,1,2,1,26,22.4,+24,.765,.765,5.1,12.4,9.7,12.3,2.9,2.4,10.5,24.7,131,108,Klay Thompson
21,/play-index/pgl_cum_stats.cgi?player=thompkl01&year=2017&date_game=2016-12-05&is_playoff_game=N,2016-12-05,GSW,,IND,W (+36),1,29:03,21,33,.636,8,14,.571,10,11,.909,0,2,2,1,0,0,0,0,60,46.2,+37,.793,.758,0.0,7.0,3.5,8.6,0.0,0.0,0.0,49.4,161,112,Klay Thompson
22,/play-index/pgl_cum_stats.cgi?player=thompkl01&year=2017&date_game=2016-12-07&is_playoff_game=N,2016-12-07,GSW,@,LAC,W (+17),1,35:05,8,18,.444,3,6,.500,5,5,1.000,2,2,4,3,0,0,1,1,24,17.3,+16,.594,.528,6.5,5.4,5.9,13.2,0.0,0.0,4.7,26.0,126,113,Klay Thompson
23,/play-index/pgl_cum_stats.cgi?player=thompkl01&year=2017&date_game=2016-12-08&is_playoff_game=N,2016-12-08,GSW,@,UTA,W (+7),1,27:54,5,13,.385,0,4,.000,0,0,,2,4,6,2,0,0,3,4,10,2.3,+17,.385,.385,8.0,13.8,11.1,11.3,0.0,0.0,18.8,25.9,75,107,Klay Thompson
24,/play-index/pgl_cum_stats.cgi?player=thompkl01&year=2017&date_game=2016-12-10&is_playoff_game=N,2016-12-10,GSW,@,MEM,L (-21),1,31:00,4,14,.286,0,3,.000,0,0,,0,1,1,0,1,0,0,1,8,0.7,-24,.286,.286,0.0,3.6,1.7,0.0,1.6,0.0,0.0,19.9,62,119,Klay Thompson
25,/play-index/pgl_cum_stats.cgi?player=thompkl01&year=2017&date_game=2016-12-11&is_playoff_game=N,2016-12-11,GSW,@,MIN,W (+8),1,38:57,11,21,.524,4,12,.333,4,4,1.000,2,4,6,2,1,1,2,2,30,22.6,+13,.659,.619,6.0,10.5,8.4,10.1,1.3,2.2,8.1,29.3,119,117,Klay Thompson
26,/play-index/pgl_cum_stats.cgi?player=thompkl01&year=2017&date_game=2016-12-13&is_playoff_game=N,2016-12-13,GSW,@,NOP,W (+4),1,37:09,6,16,.375,2,8,.250,3,4,.750,1,2,3,3,0,2,2,2,17,9.8,+10,.479,.438,2.7,6.2,4.3,11.3,0.0,5.5,10.1,22.1,94,109,Klay Thompson
27,/play-index/pgl_cum_stats.cgi?player=thompkl01&year=2017&date_game=2016-12-15&is_playoff_game=N,2016-12-15,GSW,,NYK,W (+13),1,32:15,10,17,.588,4,10,.400,1,1,1.000,2,3,5,4,1,0,2,2,25,20.4,+17,.717,.706,6.0,8.0,7.0,19.8,1.5,0.0,10.3,24.8,127,96,Klay Thompson
28,/play-index/pgl_cum_stats.cgi?player=thompkl01&year=2017&date_game=2016-12-17&is_playoff_game=N,2016-12-17,GSW,,POR,W (+45),1,25:22,7,15,.467,1,4,.250,1,1,1.000,0,0,0,2,0,1,0,0,16,10.4,+21,.518,.500,0.0,0.0,0.0,10.0,0.0,3.3,0.0,25.8,115,96,Klay Thompson
29,/play-index/pgl_cum_stats.cgi?player=thompkl01&year=2017&date_game=2016-12-20&is_playoff_game=N,2016-12-20,GSW,,UTA,W (+30),1,31:13,8,13,.615,1,3,.333,0,0,,0,5,5,1,1,0,1,0,17,13.3,+32,.654,.654,0.0,15.1,8.2,5.6,1.6,0.0,7.1,20.0,117,81,Klay Thompson
30,/play-index/pgl_cum_stats.cgi?player=thompkl01&year=2017&date_game=2016-12-22&is_playoff_game=N,2016-12-22,GSW,@,BRK,W (+16),1,35:10,9,24,.375,5,10,.500,0,0,,0,5,5,2,4,0,2,0,23,14.7,+23,.479,.479,0.0,14.5,7.0,7.9,5.0,0.0,7.7,29.1,91,91,Klay Thompson
31,/play-index/pgl_cum_stats.cgi?player=thompkl01&year=2017&date_game=2016-12-23&is_playoff_game=N,2016-12-23,GSW,@,DET,W (+6),1,37:02,6,14,.429,3,8,.375,2,2,1.000,0,3,3,2,1,0,3,0,17,9.9,+15,.571,.536,0.0,9.3,5.0,7.4,1.2,0.0,16.8,21.2,91,112,Klay Thompson
32,/play-index/pgl_cum_stats.cgi?player=thompkl01&year=2017&date_game=2016-12-25&is_playoff_game=N,2016-12-25,GSW,@,CLE,L (-1),1,40:37,9,16,.563,5,11,.455,1,2,.500,0,2,2,1,1,1,2,1,24,16.6,+1,.711,.719,0.0,4.3,2.7,4.5,1.2,2.0,10.6,20.5,116,115,Klay Thompson
33,/play-index/pgl_cum_stats.cgi?player=thompkl01&year=2017&date_game=2016-12-28&is_playoff_game=N,2016-12-28,GSW,,TOR,W (+10),1,34:40,8,18,.444,5,7,.714,0,0,,1,5,6,2,1,2,2,3,21,14.4,+18,.583,.583,4.0,11.3,8.7,7.9,1.4,4.1,10.0,25.4,109,112,Klay Thompson
34,/play-index/pgl_cum_stats.cgi?player=thompkl01&year=2017&date_game=2016-12-30&is_playoff_game=N,2016-12-30,GSW,,DAL,W (+9),1,35:42,11,19,.579,5,11,.455,2,2,1.000,0,4,4,2,1,1,2,0,29,22.4,+4,.729,.711,0.0,10.8,6.5,9.9,1.4,2.2,9.1,28.4,121,103,Klay Thompson
35,/play-index/pgl_cum_stats.cgi?player=thompkl01&year=2017&date_game=2017-01-02&is_playoff_game=N,2017-01-02,GSW,,DEN,W (+8),1,37:00,9,19,.474,4,7,.571,3,3,1.000,0,5,5,1,0,1,0,1,25,17.8,+7,.615,.579,0.0,13.8,7.1,3.4,0.0,2.0,0.0,22.5,129,118,Klay Thompson
36,/play-index/pgl_cum_stats.cgi?player=thompkl01&year=2017&date_game=2017-01-04&is_playoff_game=N,2017-01-04,GSW,,POR,W (+8),1,37:07,5,15,.333,1,7,.143,3,3,1.000,0,3,3,1,3,2,2,3,14,8.3,+3,.429,.367,0.0,9.2,4.7,3.4,3.7,4.1,10.9,20.6,81,111,Klay Thompson
37,/play-index/pgl_cum_stats.cgi?player=thompkl01&year=2017&date_game=2017-01-06&is_playoff_game=N,2017-01-06,GSW,,MEM,L (-9),1,41:44,7,17,.412,2,6,.333,1,3,.333,3,3,6,2,0,0,0,1,17,11.1,+2,.464,.471,9.5,7.5,8.4,7.9,0.0,0.0,0.0,20.0,106,126,Klay Thompson
38,/play-index/pgl_cum_stats.cgi?player=thompkl01&year=2017&date_game=2017-01-08&is_playoff_game=N,2017-01-08,GSW,@,SAC,W (+11),1,36:21,8,19,.421,1,7,.143,1,2,.500,1,5,6,2,0,0,5,3,18,4.9,+18,.453,.447,3.1,19.4,10.3,7.7,0.0,0.0,20.1,28.6,78,112,Klay Thompson
39,/play-index/pgl_cum_stats.cgi?player=thompkl01&year=2017&date_game=2017-01-12&is_playoff_game=N,2017-01-12,GSW,,DET,W (+20),1,35:34,9,15,.600,4,5,.800,1,4,.250,1,2,3,3,2,0,1,3,23,18.1,+9,.686,.733,3.6,6.7,5.3,10.7,2.6,0.0,5.6,20.9,125,104,Klay Thompson
40,/play-index/pgl_cum_stats.cgi?player=thompkl01&year=2017&date_game=2017-01-16&is_playoff_game=N,2017-01-16,GSW,,CLE,W (+35),1,31:15,8,17,.471,5,11,.455,5,5,1.000,0,4,4,0,0,1,2,5,26,15.2,+41,.677,.618,0.0,11.4,6.6,0.0,0.0,2.8,9.4,27.7,120,93,Klay Thompson
41,/play-index/pgl_cum_stats.cgi?player=thompkl01&year=2017&date_game=2017-01-18&is_playoff_game=N,2017-01-18,GSW,,OKC,W (+21),1,29:52,5,12,.417,3,5,.600,1,2,.500,1,3,4,3,1,1,1,2,14,10.8,+21,.543,.542,4.7,10.0,7.8,12.7,1.6,2.6,7.2,19.4,117,103,Klay Thompson
42,/play-index/pgl_cum_stats.cgi?player=thompkl01&year=2017&date_game=2017-01-20&is_playoff_game=N,2017-01-20,GSW,@,HOU,W (+17),1,34:20,7,19,.368,2,10,.200,0,0,,0,1,1,1,1,0,2,1,16,5.1,+9,.421,.421,0.0,3.0,1.7,3.8,1.4,0.0,9.5,26.2,79,113,Klay Thompson
43,/play-index/pgl_cum_stats.cgi?player=thompkl01&year=2017&date_game=2017-01-22&is_playoff_game=N,2017-01-22,GSW,@,ORL,W (+20),1,33:53,7,14,.500,7,9,.778,0,0,,0,5,5,1,0,1,3,1,21,13.5,+17,.750,.750,0.0,13.9,7.6,4.4,0.0,2.1,17.6,20.9,117,102,Klay Thompson
44,/play-index/pgl_cum_stats.cgi?player=thompkl01&year=2017&date_game=2017-01-23&is_playoff_game=N,2017-01-23,GSW,@,MIA,L (-3),1,37:09,8,18,.444,3,8,.375,3,4,.750,0,5,5,1,2,1,2,4,22,13.5,+1,.557,.528,0.0,13.7,7.3,4.2,2.6,2.3,9.2,25.4,99,104,Klay Thompson
45,/play-index/pgl_cum_stats.cgi?player=thompkl01&year=2017&date_game=2017-01-25&is_playoff_game=N,2017-01-25,GSW,@,CHO,W (+10),1,32:18,5,14,.357,2,8,.250,7,7,1.000,1,4,5,1,1,1,1,2,19,13.7,+5,.556,.429,4.1,12.4,8.8,4.7,1.5,2.2,5.5,25.4,113,106,Klay Thompson
46,/play-index/pgl_cum_stats.cgi?player=thompkl01&year=2017&date_game=2017-01-28&is_playoff_game=N,2017-01-28,GSW,,LAC,W (+46),1,26:35,7,11,.636,2,3,.667,0,1,.000,0,1,1,1,1,0,2,1,16,10.3,+22,.699,.727,0.0,3.8,2.3,4.1,1.8,0.0,14.9,22.1,114,106,Klay Thompson
47,/play-index/pgl_cum_stats.cgi?player=thompkl01&year=2017&date_game=2017-01-29&is_playoff_game=N,2017-01-29,GSW,@,POR,W (+2),1,35:17,6,21,.286,2,6,.333,13,15,.867,1,5,6,2,1,1,0,0,27,19.2,-3,.489,.333,3.3,17.0,10.1,9.8,1.3,2.1,0.0,32.9,110,109,Klay Thompson
48,/play-index/pgl_cum_stats.cgi?player=thompkl01&year=2017&date_game=2017-02-01&is_playoff_game=N,2017-02-01,GSW,,CHO,W (+15),1,33:20,10,19,.526,6,10,.600,3,3,1.000,1,4,5,8,1,2,1,1,29,28.2,+30,.714,.684,3.0,13.1,7.8,35.3,1.4,5.1,4.7,27.4,145,111,Klay Thompson
49,/play-index/pgl_cum_stats.cgi?player=thompkl01&year=2017&date_game=2017-02-02&is_playoff_game=N,2017-02-02,GSW,@,LAC,W (+13),1,32:38,9,19,.474,3,6,.500,0,0,,3,4,7,2,0,0,2,2,21,13.2,+15,.553,.553,10.3,14.7,12.4,7.6,0.0,0.0,9.5,26.2,113,125,Klay Thompson
50,/play-index/pgl_cum_stats.cgi?player=thompkl01&year=2017&date_game=2017-02-04&is_playoff_game=N,2017-02-04,GSW,@,SAC,L (-3),1,42:35,10,25,.400,4,11,.364,2,2,1.000,3,2,5,1,1,0,3,1,26,13.5,-11,.502,.480,7.0,6.1,6.6,5.3,1.2,0.0,10.4,31.4,92,111,Klay Thompson
51,/play-index/pgl_cum_stats.cgi?player=thompkl01&year=2017&date_game=2017-02-08&is_playoff_game=N,2017-02-08,GSW,,CHI,W (+31),1,29:18,10,18,.556,6,9,.667,2,2,1.000,0,5,5,3,0,0,3,2,28,19.2,+12,.742,.722,0.0,14.9,9.2,15.5,0.0,0.0,13.7,34.9,117,99,Klay Thompson
52,/play-index/pgl_cum_stats.cgi?player=thompkl01&year=2017&date_game=2017-02-10&is_playoff_game=N,2017-02-10,GSW,@,MEM,W (+15),1,38:01,13,23,.565,8,15,.533,2,2,1.000,0,1,1,3,0,0,1,5,36,24.5,+18,.754,.739,0.0,2.7,1.6,16.8,0.0,0.0,4.0,29.7,133,123,Klay Thompson
53,/play-index/pgl_cum_stats.cgi?player=thompkl01&year=2017&date_game=2017-02-11&is_playoff_game=N,2017-02-11,GSW,@,OKC,W (+16),1,33:02,7,12,.583,5,8,.625,7,8,.875,1,0,1,0,1,0,3,3,26,17.5,+5,.838,.792,3.5,0.0,1.8,0.0,1.4,0.0,16.2,23.7,136,117,Klay Thompson
54,/play-index/pgl_cum_stats.cgi?player=thompkl01&year=2017&date_game=2017-02-15&is_playoff_game=N,2017-02-15,GSW,,SAC,W (+23),1,30:47,12,18,.667,7,12,.583,4,7,.571,2,3,5,4,2,0,0,1,35,32.7,+35,.830,.861,7.1,9.0,8.1,28.0,3.2,0.0,0.0,32.5,157,91,Klay Thompson
55,/play-index/pgl_cum_stats.cgi?player=thompkl01&year=2017&date_game=2017-02-23&is_playoff_game=N,2017-02-23,GSW,,LAC,W (+10),1,31:14,7,12,.583,2,5,.400,2,2,1.000,0,0,0,4,0,0,1,0,18,14.2,+7,.699,.667,0.0,0.0,0.0,19.1,0.0,0.0,7.2,18.8,139,118,Klay Thompson
56,/play-index/pgl_cum_stats.cgi?player=thompkl01&year=2017&date_game=2017-02-25&is_playoff_game=N,2017-02-25,GSW,,BRK,W (+17),1,31:21,8,18,.444,2,5,.400,6,6,1.000,0,4,4,4,0,1,1,1,24,17.9,+22,.581,.500,0.0,12.2,5.9,20.6,0.0,2.3,4.6,27.5,120,98,Klay Thompson
57,/play-index/pgl_cum_stats.cgi?player=thompkl01&year=2017&date_game=2017-02-27&is_playoff_game=N,2017-02-27,GSW,@,PHI,W (+11),1,36:17,7,17,.412,3,9,.333,4,4,1.000,1,2,3,2,2,0,2,1,21,14.2,+6,.560,.500,2.9,6.5,4.6,8.6,2.6,0.0,9.6,23.0,113,112,Klay Thompson
58,/play-index/pgl_cum_stats.cgi?player=thompkl01&year=2017&date_game=2017-02-28&is_playoff_game=N,2017-02-28,GSW,@,WAS,L (-4),1,38:22,5,20,.250,3,13,.231,3,4,.750,0,3,3,2,2,0,1,3,16,5.7,-17,.368,.325,0.0,8.3,4.3,7.6,2.5,0.0,4.4,24.8,85,116,Klay Thompson
59,/play-index/pgl_cum_stats.cgi?player=thompkl01&year=2017&date_game=2017-03-02&is_playoff_game=N,2017-03-02,GSW,@,CHI,L (-7),1,36:55,5,22,.227,1,11,.091,2,2,1.000,0,1,1,1,0,0,2,1,13,-1.8,-14,.284,.250,0.0,3.1,1.4,4.7,0.0,0.0,8.0,29.6,54,104,Klay Thompson
60,/play-index/pgl_cum_stats.cgi?player=thompkl01&year=2017&date_game=2017-03-05&is_playoff_game=N,2017-03-05,GSW,@,NYK,W (+7),1,37:19,8,21,.381,4,9,.444,9,9,1.000,2,2,4,1,1,0,1,1,29,19.8,-1,.581,.476,5.6,7.1,6.3,4.3,1.4,0.0,3.9,31.5,124,119,Klay Thompson
61,/play-index/pgl_cum_stats.cgi?player=thompkl01&year=2017&date_game=2017-03-06&is_playoff_game=N,2017-03-06,GSW,@,ATL,W (+8),1,29:35,5,12,.417,2,8,.250,1,2,.500,0,0,0,3,0,1,2,3,13,5.8,+5,.505,.500,0.0,0.0,0.0,14.8,0.0,3.0,13.4,21.8,97,122,Klay Thompson
62,/play-index/pgl_cum_stats.cgi?player=thompkl01&year=2017&date_game=2017-03-08&is_playoff_game=N,2017-03-08,GSW,,BOS,L (-13),1,34:10,11,23,.478,2,8,.250,1,2,.500,1,5,6,1,1,2,2,2,25,15.4,+2,.523,.522,2.9,16.3,9.3,6.5,1.5,5.1,7.7,34.6,98,107,Klay Thompson
63,/play-index/pgl_cum_stats.cgi?player=thompkl01&year=2017&date_game=2017-03-10&is_playoff_game=N,2017-03-10,GSW,@,MIN,L (-1),1,36:15,12,22,.545,3,6,.500,3,4,.750,0,5,5,2,1,0,2,1,30,20.5,+9,.631,.614,0.0,14.7,7.4,10.5,1.4,0.0,7.8,31.7,118,112,Klay Thompson
64,/play-index/pgl_cum_stats.cgi?player=thompkl01&year=2017&date_game=2017-03-14&is_playoff_game=N,2017-03-14,GSW,,PHI,W (+2),1,37:30,10,22,.455,5,9,.556,3,3,1.000,1,1,2,1,0,0,1,1,28,16.9,-7,.600,.568,2.5,3.0,2.7,6.7,0.0,0.0,4.1,25.6,116,110,Klay Thompson
65,/play-index/pgl_cum_stats.cgi?player=thompkl01&year=2017&date_game=2017-03-16&is_playoff_game=N,2017-03-16,GSW,,ORL,W (+30),1,29:19,12,20,.600,5,9,.556,0,0,,0,4,4,5,0,1,3,1,29,21.8,+19,.725,.725,0.0,11.7,6.8,27.0,0.0,2.4,13.0,34.5,119,97,Klay Thompson
66,/play-index/pgl_cum_stats.cgi?player=thompkl01&year=2017&date_game=2017-03-18&is_playoff_game=N,2017-03-18,GSW,,MIL,W (+25),1,34:28,9,16,.563,3,6,.500,0,1,.000,2,1,3,1,0,1,0,1,21,15.7,+11,.639,.656,9.6,2.8,5.3,4.3,0.0,2.2,0.0,24.0,131,109,Klay Thompson
67,/play-index/pgl_cum_stats.cgi?player=thompkl01&year=2017&date_game=2017-03-20&is_playoff_game=N,2017-03-20,GSW,@,OKC,W (+16),1,31:59,12,21,.571,7,15,.467,3,3,1.000,1,5,6,2,2,0,1,2,34,27.9,+15,.762,.738,4.1,15.3,10.5,13.6,3.1,0.0,4.3,32.3,143,97,Klay Thompson
68,/play-index/pgl_cum_stats.cgi?player=thompkl01&year=2017&date_game=2017-03-21&is_playoff_game=N,2017-03-21,GSW,@,DAL,W (+25),1,32:09,9,15,.600,5,8,.625,0,0,,0,3,3,3,3,0,2,1,23,19.7,+17,.767,.767,0.0,8.1,5.3,15.2,4.8,0.0,11.8,25.1,121,91,Klay Thompson
69,/play-index/pgl_cum_stats.cgi?player=thompkl01&year=2017&date_game=2017-03-24&is_playoff_game=N,2017-03-24,GSW,,SAC,W (+14),1,29:49,3,14,.214,2,7,.286,0,0,,0,4,4,0,0,1,1,2,8,-0.5,-4,.286,.286,0.0,17.4,7.9,0.0,0.0,2.6,6.7,22.2,58,109,Klay Thompson
70,/play-index/pgl_cum_stats.cgi?player=thompkl01&year=2017&date_game=2017-03-26&is_playoff_game=N,2017-03-26,GSW,,MEM,W (+12),1,34:46,12,18,.667,7,11,.636,0,0,,0,2,2,1,0,0,1,1,31,23.1,+15,.861,.861,0.0,6.4,3.7,6.2,0.0,0.0,5.3,27.4,146,115,Klay Thompson
71,/play-index/pgl_cum_stats.cgi?player=thompkl01&year=2017&date_game=2017-03-28&is_playoff_game=N,2017-03-28,GSW,@,HOU,W (+7),1,37:18,10,20,.500,5,12,.417,0,0,,0,5,5,1,2,2,2,3,25,17.4,+4,.625,.625,0.0,14.0,7.8,4.0,2.5,4.8,9.1,25.5,107,102,Klay Thompson
72,/play-index/pgl_cum_stats.cgi?player=thompkl01&year=2017&date_game=2017-03-29&is_playoff_game=N,2017-03-29,GSW,@,SAS,W (+12),1,35:08,9,16,.563,4,9,.444,1,1,1.000,0,2,2,0,0,1,0,2,23,15.9,+1,.700,.688,0.0,6.7,3.5,0.0,0.0,2.3,0.0,21.4,137,117,Klay Thompson
73,/play-index/pgl_cum_stats.cgi?player=thompkl01&year=2017&date_game=2017-03-31&is_playoff_game=N,2017-03-31,GSW,,HOU,W (+9),1,36:12,8,20,.400,4,9,.444,0,0,,1,7,8,4,2,1,1,3,20,15.3,-1,.500,.500,3.1,19.3,11.7,16.4,2.9,2.5,4.8,25.0,110,103,Klay Thompson
74,/play-index/pgl_cum_stats.cgi?player=thompkl01&year=2017&date_game=2017-04-02&is_playoff_game=N,2017-04-02,GSW,,WAS,W (+24),1,32:45,9,20,.450,4,10,.400,1,1,1.000,0,1,1,3,1,1,2,2,23,13.9,+15,.563,.550,0.0,3.4,1.8,11.9,1.4,2.3,8.9,28.5,108,114,Klay Thompson
75,/play-index/pgl_cum_stats.cgi?player=thompkl01&year=2017&date_game=2017-04-04&is_playoff_game=N,2017-04-04,GSW,,MIN,W (+14),1,33:21,13,24,.542,7,14,.500,8,9,.889,0,2,2,3,2,1,1,2,41,32.6,+19,.733,.688,0.0,5.6,3.2,17.1,2.9,1.9,3.5,38.8,140,111,Klay Thompson
76,/play-index/pgl_cum_stats.cgi?player=thompkl01&year=2017&date_game=2017-04-05&is_playoff_game=N,2017-04-05,GSW,@,PHO,W (+9),1,35:58,9,22,.409,2,9,.222,2,3,.667,1,6,7,2,1,1,2,3,22,12.2,+2,.472,.455,3.2,15.4,9.9,8.1,1.3,1.8,7.9,29.5,92,108,Klay Thompson
77,/play-index/pgl_cum_stats.cgi?player=thompkl01&year=2017&date_game=2017-04-08&is_playoff_game=N,2017-04-08,GSW,,NOP,W (+22),1,27:26,5,16,.313,3,9,.333,7,7,1.000,1,2,3,2,0,1,0,0,20,14.2,+18,.524,.406,4.2,7.8,6.0,8.7,0.0,2.7,0.0,29.8,127,107,Klay Thompson
78,/play-index/pgl_cum_stats.cgi?player=thompkl01&year=2017&date_game=2017-04-12&is_playoff_game=N,2017-04-12,GSW,,LAL,W (+15),1,25:59,4,12,.333,1,5,.200,3,4,.750,1,1,2,2,2,0,0,0,12,9.2,+11,.436,.375,4.3,3.6,3.9,11.0,3.6,0.0,0.0,21.2,110,94,Klay Thompson
1,/play-index/pgl_cum_stats.cgi?player=thompkl01&year=2017&date_game=2017-04-16&is_playoff_game=Y,2017-04-16,GSW,,POR,W (+12),1,35:21,6,16,.375,1,6,.167,2,2,1.000,2,1,3,2,1,1,2,1,15,8.6,+14,.444,.406,7.5,2.9,4.9,7.8,1.4,2.2,10.6,23.5,95,113,Klay Thompson
2,/play-index/pgl_cum_stats.cgi?player=thompkl01&year=2017&date_game=2017-04-19&is_playoff_game=Y,2017-04-19,GSW,,POR,W (+29),1,30:44,6,17,.353,3,8,.375,1,1,1.000,1,1,2,2,0,1,5,2,16,3.8,+29,.459,.441,3.3,2.9,3.1,10.2,0.0,2.8,22.3,29.6,74,88,Klay Thompson
3,/play-index/pgl_cum_stats.cgi?player=thompkl01&year=2017&date_game=2017-04-22&is_playoff_game=Y,2017-04-22,GSW,@,POR,W (+6),1,40:38,8,21,.381,4,9,.444,4,6,.667,0,2,2,0,3,0,2,4,24,11.7,-2,.508,.476,0.0,5.0,2.5,0.0,3.4,0.0,7.8,26.7,90,111,Klay Thompson
4,/play-index/pgl_cum_stats.cgi?player=thompkl01&year=2017&date_game=2017-04-24&is_playoff_game=Y,2017-04-24,GSW,@,POR,W (+25),1,30:25,6,13,.462,3,5,.600,3,4,.750,0,2,2,1,0,0,0,0,18,12.2,+36,.610,.577,0.0,6.9,3.8,4.3,0.0,0.0,0.0,21.6,123,113,Klay Thompson
5,/play-index/pgl_cum_stats.cgi?player=thompkl01&year=2017&date_game=2017-05-02&is_playoff_game=Y,2017-05-02,GSW,,UTA,W (+12),1,30:35,6,13,.462,3,8,.375,0,0,,0,2,2,2,0,0,0,2,15,9.5,+23,.577,.577,0.0,7.8,3.9,10.3,0.0,0.0,0.0,20.8,108,111,Klay Thompson
6,/play-index/pgl_cum_stats.cgi?player=thompkl01&year=2017&date_game=2017-05-04&is_playoff_game=Y,2017-05-04,GSW,,UTA,W (+11),1,35:57,6,13,.462,2,4,.500,0,0,,1,5,6,6,2,0,1,2,14,13.9,+9,.538,.538,3.1,15.5,9.3,23.6,2.7,0.0,7.1,16.9,117,104,Klay Thompson
7,/play-index/pgl_cum_stats.cgi?player=thompkl01&year=2017&date_game=2017-05-06&is_playoff_game=Y,2017-05-06,GSW,@,UTA,W (+11),1,39:00,1,9,.111,0,4,.000,4,4,1.000,0,1,1,0,1,0,0,3,6,0.2,+4,.279,.111,0.0,2.6,1.3,0.0,1.3,0.0,0.0,13.1,63,101,Klay Thompson
8,/play-index/pgl_cum_stats.cgi?player=thompkl01&year=2017&date_game=2017-05-08&is_playoff_game=Y,2017-05-08,GSW,@,UTA,W (+26),1,32:33,9,16,.563,1,3,.333,2,2,1.000,0,2,2,1,2,0,5,4,21,10.1,+5,.622,.594,0.0,5.5,3.2,5.0,3.0,0.0,22.9,30.2,89,98,Klay Thompson
9,/play-index/pgl_cum_stats.cgi?player=thompkl01&year=2017&date_game=2017-05-14&is_playoff_game=Y,2017-05-14,GSW,,SAS,W (+2),1,38:41,2,11,.182,1,3,.333,1,2,.500,1,3,4,3,3,2,2,5,6,2.8,+5,.253,.227,3.1,9.3,6.2,10.2,3.9,4.0,14.4,15.0,73,115,Klay Thompson
10,/play-index/pgl_cum_stats.cgi?player=thompkl01&year=2017&date_game=2017-05-16&is_playoff_game=Y,2017-05-16,GSW,,SAS,W (+36),1,29:04,4,10,.400,2,5,.400,1,1,1.000,1,5,6,4,0,0,3,1,11,7.2,+25,.527,.500,5.0,14.7,11.1,15.2,0.0,0.0,22.3,19.6,98,105,Klay Thompson
11,/play-index/pgl_cum_stats.cgi?player=thompkl01&year=2017&date_game=2017-05-20&is_playoff_game=Y,2017-05-20,GSW,@,SAS,W (+12),1,36:08,7,15,.467,3,6,.500,0,0,,1,5,6,2,0,0,0,2,17,12.1,+15,.567,.567,3.3,13.8,9.1,7.2,0.0,0.0,0.0,17.4,124,111,Klay Thompson
12,/play-index/pgl_cum_stats.cgi?player=thompkl01&year=2017&date_game=2017-05-22&is_playoff_game=Y,2017-05-22,GSW,@,SAS,W (+14),1,33:55,3,13,.231,1,5,.200,3,4,.750,0,6,6,1,0,0,0,2,10,3.4,+7,.339,.269,0.0,14.2,8.9,3.2,0.0,0.0,0.0,18.3,75,112,Klay Thompson
13,/play-index/pgl_cum_stats.cgi?player=thompkl01&year=2017&date_game=2017-06-01&is_playoff_game=Y,2017-06-01,GSW,,CLE,W (+22),1,36:22,3,16,.188,0,5,.000,0,0,,2,2,4,4,1,0,0,3,6,0.6,+8,.188,.188,4.6,5.2,4.8,12.9,1.3,0.0,0.0,18.0,63,100,Klay Thompson
14,/play-index/pgl_cum_stats.cgi?player=thompkl01&year=2017&date_game=2017-06-04&is_playoff_game=Y,2017-06-04,GSW,,CLE,W (+19),1,37:07,8,12,.667,4,7,.571,2,3,.667,1,6,7,1,0,0,2,2,22,16.8,+24,.826,.833,3.2,14.6,9.6,3.6,0.0,0.0,13.1,16.6,134,111,Klay Thompson
15,/play-index/pgl_cum_stats.cgi?player=thompkl01&year=2017&date_game=2017-06-07&is_playoff_game=Y,2017-06-07,GSW,@,CLE,W (+5),1,40:40,11,18,.611,6,11,.545,2,2,1.000,0,5,5,2,0,0,1,4,30,22.1,+3,.794,.778,0.0,12.8,7.3,8.7,0.0,0.0,5.0,21.0,145,118,Klay Thompson
16,/play-index/pgl_cum_stats.cgi?player=thompkl01&year=2017&date_game=2017-06-09&is_playoff_game=Y,2017-06-09,GSW,@,CLE,L (-21),1,34:19,4,11,.364,4,10,.400,1,2,.500,0,3,3,2,0,0,1,3,13,6.6,-7,.547,.545,0.0,12.0,5.2,8.4,0.0,0.0,7.8,15.7,113,147,Klay Thompson
17,/play-index/pgl_cum_stats.cgi?player=thompkl01&year=2017&date_game=2017-06-12&is_playoff_game=Y,2017-06-12,GSW,,CLE,W (+9),1,34:05,4,13,.308,3,7,.429,0,0,,1,4,5,2,1,1,0,4,11,6.9,-6,.423,.423,3.4,13.7,8.6,7.0,1.4,2.2,0.0,15.9,108,121,Klay Thompson
