Date,Favorite_Team,Spread,Over_Under,Away_Team,Home_Team,Away_Score,Home_Score
2016-10-26,IND,-5.5,205.5,Dallas,Indiana,121,130
2016-10-26,ORL,-3.5,199,Miami,Orlando,108,96
2016-10-26,BOS,-11.5,211.5,Brooklyn,Boston,117,122
2016-10-26,TOR,-6.5,196.5,Detroit,Toronto,91,109
2016-10-26,NOR,-1,207,Denver,New Orleans,107,102
2016-10-26,CHA,-2,194,Charlotte,Milwaukee,107,96
2016-10-26,OKC,-9,209,Oklahoma City,Philadelphia,103,97
2016-10-26,MIN,-1,199.5,Minnesota,Memphis,98,102
2016-10-26,PHO,-3,211.5,Sacramento,Phoenix,113,94
2016-10-26,HOU,-6,223.5,Houston,Los Angeles Lakers,114,120
2016-10-27,ATL,-4,202.5,Washington,Atlanta,99,114
2016-10-27,CHI,-1,209,Boston,Chicago,99,105
2016-10-27,LAC,-2,208.5,Los Angeles Clippers,Portland,114,106
2016-10-27,SAS,-8,203,San Antonio,Sacramento,102,94
2016-10-28,CLE,-2,205.5,Cleveland,Toronto,94,91
2016-10-28,DET,-4,195,Orlando,Detroit,82,108
2016-10-28,IND,-6,218.5,Indiana,Brooklyn,94,103
2016-10-28,CHA,-1,197,Charlotte,Miami,97,91
2016-10-28,OKC,-8,208.5,Phoenix,Oklahoma City,110,113
2016-10-28,HOU,-2,218.5,Houston,Dallas,106,98
2016-10-28,UTA,-9,200.5,Los Angeles Lakers,Utah,89,96
2016-10-28,GSW,-11,223,Golden State,New Orleans,122,114
2016-10-29,ATL,-8,202,Atlanta,Philadelphia,104,72
2016-10-29,BOS,-2,203.5,Boston,Charlotte,104,98
2016-10-29,CLE,-11,204,Orlando,Cleveland,99,105
2016-10-29,NYK,-2.5,199,Memphis,New York,104,111
2016-10-29,CHI,-3.5,209.5,Indiana,Chicago,101,118
2016-10-29,MIL,-8,204.5,Brooklyn,Milwaukee,108,110
2016-10-29,SAS,-13.5,203.5,New Orleans,San Antonio,79,98
2016-10-29,POR,-1,212,Portland,Denver,115,113
2016-10-29,SAC,-1,202.5,Minnesota,Sacramento,103,106
2016-10-30,LAC,-7.5,189.5,Utah,Los Angeles Clippers,75,88
2016-10-30,DET,-7.5,197.5,Milwaukee,Detroit,83,98
2016-10-30,SAS,-6,193.5,San Antonio,Miami,106,99
2016-10-30,GSW,-11,226.5,Golden State,Phoenix,106,100
2016-10-30,OKC,-8.5,216,Los Angeles Lakers,Oklahoma City,96,113
2016-10-30,HOU,-4.5,214.5,Dallas,Houston,92,93
2016-10-30,WAS,-3,204.5,Washington,Memphis,103,112
2016-10-31,ATL,-7,203.5,Sacramento,Atlanta,95,106
2016-10-31,CHI,-6,210,Chicago,Brooklyn,118,88
2016-10-31,TOR,-6.5,206.5,Denver,Toronto,102,105
2016-10-31,LAC,-12.5,204.5,Phoenix,Los Angeles Clippers,98,116
2016-11-01,CLE,-9.5,217.5,Houston,Cleveland,120,128
2016-11-01,IND,-9,213,Los Angeles Lakers,Indiana,108,115
2016-11-01,ORL,-5,198.5,Orlando,Philadelphia,103,101
2016-11-01,DET,-3.5,202,New York,Detroit,89,102
2016-11-01,MIA,-3.5,199.5,Sacramento,Miami,96,108
2016-11-01,NOR,-3.5,204.5,Milwaukee,New Orleans,117,113
2016-11-01,MIN,-7,198,Memphis,Minnesota,80,116
2016-11-01,SAS,-9.5,186,Utah,San Antonio,106,91
2016-11-01,GSW,-5,225.5,Golden State,Portland,127,104
2016-11-02,WAS,0,205,Toronto,Washington,113,103
2016-11-02,CHA,-13,197,Philadelphia,Charlotte,93,109
2016-11-02,ATL,-11.5,206,Los Angeles Lakers,Atlanta,123,116
2016-11-02,DET,-4,204,Detroit,Brooklyn,101,109
2016-11-02,NYK,0,218,Houston,New York,118,99
2016-11-02,BOS,-3,207.5,Chicago,Boston,100,107
2016-11-02,MEM,-5,207,New Orleans,Memphis,83,89
2016-11-02,UTA,-3.5,185.5,Dallas,Utah,81,97
2016-11-02,POR,-2,216.5,Portland,Phoenix,115,118
2016-11-02,LAC,-7,208.5,Oklahoma City,Los Angeles Clippers,85,83
2016-11-03,SAC,-1,198,Sacramento,Orlando,94,102
2016-11-03,CLE,-10.5,207,Boston,Cleveland,122,128
2016-11-03,IND,-3,211,Indiana,Milwaukee,107,125
2016-11-03,MIN,-3.5,204.5,Denver,Minnesota,102,99
2016-11-03,GSW,-12,222.5,Oklahoma City,Golden State,96,122
2016-11-04,WAS,-1.5,205.5,Atlanta,Washington,92,95
2016-11-04,CHA,-6,203.5,Charlotte,Brooklyn,99,95
2016-11-04,TOR,-7,202.5,Miami,Toronto,87,96
2016-11-04,NOR,-2.5,210.5,Phoenix,New Orleans,112,111
2016-11-04,CHI,-7,210,New York,Chicago,117,104
2016-11-04,LAC,-5,197.5,Los Angeles Clippers,Memphis,99,88
2016-11-04,POR,-2,208,Portland,Dallas,105,95
2016-11-04,SAS,-3,183.5,San Antonio,Utah,100,86
2016-11-04,GSW,-11,230,Golden State,Los Angeles Lakers,97,117
2016-11-05,OKC,-4.5,210,Minnesota,Oklahoma City,92,112
2016-11-05,DET,-4.5,200,Denver,Detroit,86,103
2016-11-05,IND,-3,210,Chicago,Indiana,94,111
2016-11-05,ORL,-6,201,Washington,Orlando,86,88
2016-11-05,CLE,-12,208.5,Cleveland,Philadelphia,102,101
2016-11-05,ATL,-3,217.5,Houston,Atlanta,97,112
2016-11-05,MIL,-3.5,202,Sacramento,Milwaukee,91,117
2016-11-05,SAS,-5,197,Los Angeles Clippers,San Antonio,116,92
2016-11-06,UTA,-2,193.5,Utah,New York,114,109
2016-11-06,MEM,-1,204,Portland,Memphis,100,94
2016-11-06,TOR,-7.5,198,Sacramento,Toronto,96,91
2016-11-06,DAL,-2.5,199,Milwaukee,Dallas,75,86
2016-11-06,BOS,-7,212,Denver,Boston,123,107
2016-11-06,LAL,-3.5,216,Phoenix,Los Angeles Lakers,108,119
2016-11-07,UTA,-5,190.5,Utah,Philadelphia,109,84
2016-11-07,WAS,-1,217,Houston,Washington,114,106
2016-11-07,CHA,-3,206,Indiana,Charlotte,100,122
2016-11-07,CHI,-6.5,198.5,Orlando,Chicago,80,112
2016-11-07,OKC,-5.5,203,Miami,Oklahoma City,85,97
2016-11-07,GSW,-16.5,220.5,New Orleans,Golden State,106,116
2016-11-07,LAC,-8.5,197.5,Detroit,Los Angeles Clippers,82,114
2016-11-08,CLE,-7.5,208,Atlanta,Cleveland,110,106
2016-11-08,MIN,-4,209.5,Minnesota,Brooklyn,110,119
2016-11-08,MEM,-4,202.5,Denver,Memphis,107,108
2016-11-08,POR,-8.5,219.5,Phoenix,Portland,121,124
2016-11-08,LAL,-4.5,203,Dallas,Los Angeles Lakers,109,97
2016-11-08,SAC,-6.5,205,New Orleans,Sacramento,94,102
2016-11-09,IND,-11.5,212,Philadelphia,Indiana,115,122
2016-11-09,NYK,-8,215.5,Brooklyn,New York,96,110
2016-11-09,ORL,-2.5,201,Minnesota,Orlando,123,107
2016-11-09,WAS,-1,212,Boston,Washington,93,118
2016-11-09,CHA,-3,193,Utah,Charlotte,98,104
2016-11-09,ATL,-3.5,202.5,Chicago,Atlanta,107,115
2016-11-09,OKC,-4,204,Toronto,Oklahoma City,112,102
2016-11-09,DET,-4,206,Detroit,Phoenix,100,107
2016-11-09,SAS,-8.5,212,Houston,San Antonio,101,99
2016-11-09,GSW,-18.5,206,Dallas,Golden State,95,116
2016-11-09,LAC,-11,210.5,Portland,Los Angeles Clippers,80,111
2016-11-10,MIA,-1,201,Chicago,Miami,98,95
2016-11-10,MIL,-5.5,208,New Orleans,Milwaukee,112,106
2016-11-10,GSW,-7,222.5,Golden State,Denver,125,101
2016-11-10,SAC,-5.5,211.5,Los Angeles Lakers,Sacramento,101,91
2016-11-11,UTA,-5,191,Utah,Orlando,87,74
2016-11-11,IND,-5,212.5,Indiana,Philadelphia,105,109
2016-11-11,CLE,-7,211.5,Cleveland,Washington,105,94
2016-11-11,CHA,0,203,Toronto,Charlotte,113,111
2016-11-11,BOS,-5,215,New York,Boston,87,115
2016-11-11,LAC,-5,206,Los Angeles Clippers,Oklahoma City,110,108
2016-11-11,SAS,-9,194,Detroit,San Antonio,86,96
2016-11-11,POR,-6.5,208,Sacramento,Portland,120,122
2016-11-12,LAL,-1,216,Los Angeles Lakers,New Orleans,126,99
2016-11-12,BOS,-2,211,Boston,Indiana,105,99
2016-11-12,ATL,-14.5,207.5,Philadelphia,Atlanta,96,117
2016-11-12,TOR,-7.5,208.5,New York,Toronto,107,118
2016-11-12,CHI,-10,199,Washington,Chicago,95,106
2016-11-12,SAS,-1,208,San Antonio,Houston,106,100
2016-11-12,UTA,-1,187,Utah,Miami,102,91
2016-11-12,LAC,-5,207.5,Los Angeles Clippers,Minnesota,119,105
2016-11-12,MIL,-3,201.5,Memphis,Milwaukee,96,106
2016-11-12,DEN,-5,203,Detroit,Denver,106,95
2016-11-12,PHO,-5,218.5,Brooklyn,Phoenix,122,104
2016-11-13,CLE,-7,207,Charlotte,Cleveland,93,100
2016-11-13,MIN,-1,213.5,Los Angeles Lakers,Minnesota,99,125
2016-11-13,OKC,-9.5,204,Orlando,Oklahoma City,119,117
2016-11-13,GSW,-16.5,226,Phoenix,Golden State,120,133
2016-11-13,POR,-7.5,216.5,Denver,Portland,105,112
2016-11-14,IND,-8,206.5,Orlando,Indiana,69,88
2016-11-14,DET,-3,202,Oklahoma City,Detroit,88,104
2016-11-14,NYK,-4,202.5,Dallas,New York,77,93
2016-11-14,BOS,-3,212,Boston,New Orleans,105,106
2016-11-14,HOU,-11.5,214,Philadelphia,Houston,88,115
2016-11-14,SAS,-11,193.5,Miami,San Antonio,90,94
2016-11-14,UTA,-6,189.5,Memphis,Utah,102,96
2016-11-14,LAC,-14.5,214.5,Brooklyn,Los Angeles Clippers,95,127
2016-11-15,CLE,-6,210,Toronto,Cleveland,117,121
2016-11-15,ATL,-6,199,Atlanta,Miami,93,90
2016-11-15,CHA,-1,205,Charlotte,Minnesota,115,108
2016-11-15,POR,-4.5,211,Chicago,Portland,113,88
2016-11-15,LAL,-7,219,Brooklyn,Los Angeles Lakers,118,125
2016-11-16,IND,-2.5,208.5,Cleveland,Indiana,93,103
2016-11-16,ORL,-7,199,New Orleans,Orlando,82,89
2016-11-16,WAS,-7,203.5,Washington,Philadelphia,102,109
2016-11-16,ATL,-5,210.5,Milwaukee,Atlanta,100,107
2016-11-16,BOS,-6,200,Dallas,Boston,83,90
2016-11-16,NYK,-2,200.5,Detroit,New York,102,105
2016-11-16,OKC,-2.5,218.5,Houston,Oklahoma City,103,105
2016-11-16,GSW,-6,222.5,Golden State,Toronto,127,121
2016-11-16,DEN,-4.5,220,Phoenix,Denver,104,120
2016-11-16,LAC,-12.5,200.5,Memphis,Los Angeles Clippers,111,107
2016-11-16,SAS,-5,197.5,San Antonio,Sacramento,110,105
2016-11-17,WAS,-5,208,New York,Washington,112,119
2016-11-17,MIA,-4,202,Milwaukee,Miami,73,96
2016-11-17,HOU,-5,221,Portland,Houston,109,126
2016-11-17,MIN,-11.5,211,Philadelphia,Minnesota,86,110
2016-11-17,UTA,-3,193,Chicago,Utah,85,77
2016-11-18,IND,-4,216,Phoenix,Indiana,116,96
2016-11-18,CHA,-2,208,Atlanta,Charlotte,96,100
2016-11-18,CLE,-8.5,202.5,Detroit,Cleveland,81,104
2016-11-18,GSW,-8,225,Golden State,Boston,104,88
2016-11-18,NOR,0,214.5,Portland,New Orleans,101,113
2016-11-18,OKC,-9.5,216,Brooklyn,Oklahoma City,105,124
2016-11-18,MEM,-3,185.5,Memphis,Dallas,80,64
2016-11-18,TOR,-3,212.5,Toronto,Denver,113,111
2016-11-18,SAS,-7,209.5,San Antonio,Los Angeles Lakers,116,107
2016-11-18,LAC,-8,202,Los Angeles Clippers,Sacramento,121,115
2016-11-19,HOU,-6.5,200.5,Utah,Houston,102,111
2016-11-19,CHA,-2,207,Charlotte,New Orleans,116,121
2016-11-19,DET,-2,199.5,Boston,Detroit,94,92
2016-11-19,ORL,-7.5,179,Dallas,Orlando,87,95
2016-11-19,WAS,-4.5,197.5,Miami,Washington,114,111
2016-11-19,PHO,-2,211,Phoenix,Philadelphia,105,120
2016-11-19,MIN,-1,199.5,Minnesota,Memphis,71,93
2016-11-19,GSW,-8,218,Golden State,Milwaukee,124,121
2016-11-19,LAC,-8,202.5,Chicago,Los Angeles Clippers,95,102
2016-11-20,ATL,-4,209,Atlanta,New York,94,104
2016-11-20,POR,-4,219,Portland,Brooklyn,129,109
2016-11-20,OKC,-9.5,210.5,Indiana,Oklahoma City,115,111
2016-11-20,DEN,-3.5,197.5,Utah,Denver,91,105
2016-11-20,TOR,-4,211,Toronto,Sacramento,99,102
2016-11-20,LAL,-2.5,209.5,Chicago,Los Angeles Lakers,118,110
2016-11-21,GSW,-14,218,Golden State,Indiana,120,83
2016-11-21,MIA,-4,201.5,Miami,Philadelphia,94,101
2016-11-21,WAS,-7.5,219,Phoenix,Washington,101,106
2016-11-21,CHA,-5.5,198.5,Memphis,Charlotte,105,90
2016-11-21,HOU,-2,207.5,Houston,Detroit,99,96
2016-11-21,MIL,-6.5,200.5,Orlando,Milwaukee,89,93
2016-11-21,BOS,-1,207.5,Boston,Minnesota,99,93
2016-11-21,SAS,-13.5,186,Dallas,San Antonio,91,96
2016-11-21,LAC,-9,207.5,Toronto,Los Angeles Clippers,115,123
2016-11-22,ATL,-8,209.5,New Orleans,Atlanta,112,94
2016-11-22,NYK,-1.5,216.5,Portland,New York,103,107
2016-11-22,CHI,-1,208,Chicago,Denver,107,110
2016-11-22,OKC,-3,219.5,Oklahoma City,Los Angeles Lakers,109,111
2016-11-23,CLE,-11.5,218.5,Portland,Cleveland,125,137
2016-11-23,ATL,-1,204.5,Atlanta,Indiana,96,85
2016-11-23,ORL,-4,209.5,Phoenix,Orlando,92,87
2016-11-23,MEM,-6,196,Memphis,Philadelphia,104,99
2016-11-23,SAS,-5,200.5,San Antonio,Charlotte,119,114
2016-11-23,DET,-4.5,189,Miami,Detroit,84,107
2016-11-23,BOS,-7,215,Boston,Brooklyn,111,92
2016-11-23,HOU,-4,216.5,Toronto,Houston,115,102
2016-11-23,LAC,-10,192,Los Angeles Clippers,Dallas,124,104
2016-11-23,UTA,-7.5,198.5,Denver,Utah,83,108
2016-11-23,MIN,-2,210,Minnesota,New Orleans,96,117
2016-11-23,GSW,-18,229,Los Angeles Lakers,Golden State,106,149
2016-11-23,SAC,-2,214,Oklahoma City,Sacramento,101,116
2016-11-25,SAS,-3,200,San Antonio,Boston,109,103
2016-11-25,CLE,-13,201,Dallas,Cleveland,90,128
2016-11-25,LAC,-6,200.5,Los Angeles Clippers,Detroit,97,108
2016-11-25,CHA,-2,210.5,Charlotte,New York,111,113
2016-11-25,CHI,-9,205.5,Chicago,Philadelphia,105,89
2016-11-25,IND,-6,213.5,Brooklyn,Indiana,97,118
2016-11-25,TOR,-3,207.5,Toronto,Milwaukee,105,99
2016-11-25,UTA,-3.5,196,Atlanta,Utah,68,95
2016-11-25,MEM,-5,185,Miami,Memphis,90,81
2016-11-25,OKC,-2,215,Oklahoma City,Denver,132,129
2016-11-25,MIN,-2,214,Minnesota,Phoenix,98,85
2016-11-25,POR,-4,217,New Orleans,Portland,104,119
2016-11-25,GSW,-13,230,Golden State,Los Angeles Lakers,109,85
2016-11-25,HOU,-3,216.5,Houston,Sacramento,117,104
2016-11-26,SAS,-6,205.5,San Antonio,Washington,112,100
2016-11-26,CHA,-5.5,208,New York,Charlotte,102,107
2016-11-26,MEM,-1,186.5,Memphis,Miami,110,107
2016-11-26,OKC,-3.5,203,Detroit,Oklahoma City,88,106
2016-11-26,GSW,-12.5,222.5,Minnesota,Golden State,102,115
2016-11-27,CLE,-11,209.5,Cleveland,Philadelphia,112,108
2016-11-27,PHO,-2.5,213.5,Denver,Phoenix,120,114
2016-11-27,LAC,-11,207,Los Angeles Clippers,Indiana,70,91
2016-11-27,SAC,-5,220.5,Sacramento,Brooklyn,122,105
2016-11-27,ORL,-1,196.5,Milwaukee,Orlando,104,96
2016-11-27,NOR,-5,197,New Orleans,Dallas,81,91
2016-11-27,HOU,-1,225.5,Houston,Portland,130,114
2016-11-27,ATL,-5,209.5,Atlanta,Los Angeles Lakers,94,109
2016-11-28,WAS,-5,210,Sacramento,Washington,95,101
2016-11-28,BOS,-4,201.5,Boston,Miami,112,104
2016-11-28,OKC,-1,215,Oklahoma City,New York,112,103
2016-11-28,TOR,-15,206.5,Philadelphia,Toronto,95,122
2016-11-28,UTA,-3,193.5,Utah,Minnesota,112,103
2016-11-28,CHA,-2,197.5,Charlotte,Memphis,104,85
2016-11-28,GSW,-14,217,Atlanta,Golden State,100,105
2016-11-29,CHA,-3.5,200,Detroit,Charlotte,112,89
2016-11-29,LAC,-10,213.5,Los Angeles Clippers,Brooklyn,122,127
2016-11-29,NOR,-5.5,218.5,Los Angeles Lakers,New Orleans,88,105
2016-11-29,CLE,-7,213,Cleveland,Milwaukee,101,118
2016-11-29,SAS,-12.5,194.5,Orlando,San Antonio,95,83
2016-11-29,HOU,-1,204.5,Houston,Utah,101,120
2016-11-30,BOS,-6.5,200.5,Detroit,Boston,121,114
2016-11-30,TOR,-13,195,Memphis,Toronto,105,120
2016-11-30,CHI,-10.5,209.5,Los Angeles Lakers,Chicago,96,90
2016-11-30,MIN,-3.5,211.5,New York,Minnesota,106,104
2016-11-30,OKC,-5,216,Washington,Oklahoma City,115,126
2016-11-30,DEN,-6.5,207.5,Miami,Denver,106,98
2016-11-30,ATL,-4,211,Atlanta,Phoenix,107,109
2016-11-30,POR,-7.5,208,Indiana,Portland,109,131
2016-12-01,CHA,-12,193.5,Dallas,Charlotte,87,97
2016-12-01,MIL,-5,215,Milwaukee,Brooklyn,111,93
2016-12-01,CLE,-3.5,215.5,Los Angeles Clippers,Cleveland,113,94
2016-12-01,ORL,-4,190.5,Orlando,Memphis,94,95
2016-12-01,UTA,-7,186.5,Miami,Utah,111,110
2016-12-01,GSW,-11.5,232,Houston,Golden State,132,127
2016-12-02,PHI,-1.5,198.5,Orlando,Philadelphia,105,88
2016-12-02,BOS,-6,211,Sacramento,Boston,92,97
2016-12-02,MIN,-2,211,Minnesota,New York,114,118
2016-12-02,TOR,-10,214.5,Los Angeles Lakers,Toronto,80,113
2016-12-02,ATL,-1.5,198.5,Detroit,Atlanta,121,85
2016-12-02,LAC,-4,205.5,Los Angeles Clippers,New Orleans,114,96
2016-12-02,CLE,-2,209.5,Cleveland,Chicago,105,111
2016-12-02,SAS,-9,204,Washington,San Antonio,105,107
2016-12-02,DEN,-4,220,Houston,Denver,128,110
2016-12-03,MIL,-10,214.5,Brooklyn,Milwaukee,103,112
2016-12-03,CHA,-6,209,Minnesota,Charlotte,125,120
2016-12-03,BOS,-9,207.5,Boston,Philadelphia,107,106
2016-12-03,TOR,-8.5,207,Atlanta,Toronto,84,128
2016-12-03,MEM,-2.5,198,Los Angeles Lakers,Memphis,100,103
2016-12-03,CHI,-3,190,Chicago,Dallas,82,107
2016-12-03,UTA,-7,201,Denver,Utah,98,105
2016-12-03,POR,-6,215,Miami,Portland,92,99
2016-12-03,GSW,-16.5,228,Phoenix,Golden State,109,138
2016-12-04,DET,-7.5,195.5,Orlando,Detroit,98,92
2016-12-04,OKC,-6,214.5,New Orleans,Oklahoma City,92,101
2016-12-04,NYK,-1.5,209,Sacramento,New York,98,106
2016-12-05,DEN,-3,210,Denver,Philadelphia,106,98
2016-12-05,ATL,-4,213,Oklahoma City,Atlanta,102,99
2016-12-05,WAS,-6,218.5,Washington,Brooklyn,118,113
2016-12-05,TOR,-2,214.5,Cleveland,Toronto,116,112
2016-12-05,NOR,-5,196.5,Memphis,New Orleans,110,108
2016-12-05,CHI,-3.5,213,Portland,Chicago,112,110
2016-12-05,HOU,-5.5,217.5,Boston,Houston,106,107
2016-12-05,SAS,-6,203,San Antonio,Milwaukee,97,96
2016-12-05,CHA,-3,193.5,Charlotte,Dallas,109,101
2016-12-05,GSW,-15,224.5,Indiana,Golden State,106,142
2016-12-05,UTA,-4,197.5,Utah,Los Angeles Lakers,107,101
2016-12-07,BOS,-1,195.5,Boston,Orlando,117,87
2016-12-07,CHA,-5.5,203,Detroit,Charlotte,77,87
2016-12-07,ATL,-9,203.5,Miami,Atlanta,95,103
2016-12-07,DEN,-4,221.5,Denver,Brooklyn,111,116
2016-12-07,HOU,-13.5,223,Los Angeles Lakers,Houston,95,134
2016-12-07,MIL,-1.5,214.5,Portland,Milwaukee,107,115
2016-12-07,CLE,-8,213.5,Cleveland,New York,126,94
2016-12-07,SAC,-3,196,Sacramento,Dallas,120,89
2016-12-07,IND,-4,214.5,Indiana,Phoenix,109,94
2016-12-07,GSW,-4,224,Golden State,Los Angeles Clippers,115,98
2016-12-08,WAS,-5.5,218.5,Denver,Washington,85,92
2016-12-08,TOR,-9.5,213.5,Minnesota,Toronto,110,124
2016-12-08,NOR,-6.5,204.5,Philadelphia,New Orleans,99,88
2016-12-08,POR,-2,204.5,Portland,Memphis,86,88
2016-12-08,GSW,-11,208,Golden State,Utah,106,99
2016-12-08,SAS,-3,200.5,San Antonio,Chicago,91,95
2016-12-09,CHA,-6.5,204,Orlando,Charlotte,88,109
2016-12-09,BOS,-2.5,207.5,Toronto,Boston,101,94
2016-12-09,CLE,-12,207.5,Miami,Cleveland,84,114
2016-12-09,MIL,-3,205.5,Atlanta,Milwaukee,114,110
2016-12-09,DET,-3,203,Detroit,Minnesota,117,90
2016-12-09,HOU,-2,224.5,Houston,Oklahoma City,102,99
2016-12-09,IND,-3,199.5,Indiana,Dallas,103,111
2016-12-09,LAL,-1.5,221.5,Phoenix,Los Angeles Lakers,119,115
2016-12-09,SAC,-5.5,210,New York,Sacramento,103,100
2016-12-10,POR,-1,217.5,Portland,Indiana,111,118
2016-12-10,DEN,-2,205.5,Denver,Orlando,121,113
2016-12-10,WAS,-4.5,209,Milwaukee,Washington,105,110
2016-12-10,CLE,-7.5,213.5,Charlotte,Cleveland,105,116
2016-12-10,CHI,-9.5,201,Miami,Chicago,100,105
2016-12-10,HOU,-12.5,209,Dallas,Houston,87,109
2016-12-10,GSW,-13,211.5,Golden State,Memphis,89,110
2016-12-10,SAS,-15.5,210,Brooklyn,San Antonio,101,130
2016-12-10,UTA,-5.5,196.5,Sacramento,Utah,84,104
2016-12-10,LAC,-14,200,New Orleans,Los Angeles Clippers,105,133
2016-12-11,DET,-12,198,Philadelphia,Detroit,97,79
2016-12-11,GSW,-10,225.5,Golden State,Minnesota,116,108
2016-12-11,OKC,-3.5,207.5,Boston,Oklahoma City,96,99
2016-12-11,PHO,-2,216,New Orleans,Phoenix,120,119
2016-12-11,NYK,-2,217,New York,Los Angeles Lakers,118,112
2016-12-12,CHA,-1,208,Charlotte,Indiana,94,110
2016-12-12,WAS,-1,207.5,Washington,Miami,101,112
2016-12-12,TOR,-8,212.5,Milwaukee,Toronto,100,122
2016-12-12,HOU,-13.5,229.5,Brooklyn,Houston,118,122
2016-12-12,DEN,-2,203.5,Denver,Dallas,92,112
2016-12-12,LAC,-10,219,Portland,Los Angeles Clippers,120,121
2016-12-12,SAC,-8.5,216.5,Los Angeles Lakers,Sacramento,92,116
2016-12-13,CLE,-15,201.5,Memphis,Cleveland,86,103
2016-12-13,ATL,-8.5,200.5,Orlando,Atlanta,131,120
2016-12-13,GSW,-11,225,Golden State,New Orleans,113,109
2016-12-13,CHI,-6,207.5,Minnesota,Chicago,99,94
2016-12-13,NYK,-2,219,New York,Phoenix,111,113
2016-12-13,POR,-2,218.5,Oklahoma City,Portland,95,114
2016-12-14,IND,-1,204,Indiana,Miami,89,95
2016-12-14,LAC,-8,210,Los Angeles Clippers,Orlando,113,108
2016-12-14,TOR,-8,205,Toronto,Philadelphia,123,114
2016-12-14,CHA,-2,210,Charlotte,Washington,106,109
2016-12-14,LAL,-1,228,Los Angeles Lakers,Brooklyn,97,107
2016-12-14,HOU,-14,213,Sacramento,Houston,98,132
2016-12-14,MEM,-7,189.5,Cleveland,Memphis,85,93
2016-12-14,DET,-6,190,Detroit,Dallas,95,85
2016-12-14,UTA,-7.5,199,Oklahoma City,Utah,89,109
2016-12-14,SAS,-6,196,Boston,San Antonio,101,108
2016-12-15,NOR,-2.5,209,Indiana,New Orleans,95,102
2016-12-15,MIL,0,206.5,Chicago,Milwaukee,97,108
2016-12-15,DEN,-2.5,221,Portland,Denver,120,132
2016-12-15,SAS,-8,211,San Antonio,Phoenix,107,92
2016-12-15,GSW,-17,222.5,New York,Golden State,90,103
2016-12-16,DET,-1,205,Detroit,Washington,108,122
2016-12-16,BOS,-6,207.5,Charlotte,Boston,88,96
2016-12-16,TOR,-6.5,214,Atlanta,Toronto,125,121
2016-12-16,CHI,-5.5,204,Milwaukee,Chicago,95,69
2016-12-16,HOU,-11.5,224,New Orleans,Houston,100,122
2016-12-16,LAC,-8,206.5,Los Angeles Clippers,Miami,102,98
2016-12-16,PHI,-1,210.5,Los Angeles Lakers,Philadelphia,100,89
2016-12-16,MEM,-5,193,Sacramento,Memphis,96,92
2016-12-16,UTA,-11,186,Dallas,Utah,100,103
2016-12-17,OKC,-6,215.5,Phoenix,Oklahoma City,101,114
2016-12-17,DET,-4.5,200.5,Indiana,Detroit,105,90
2016-12-17,ATL,-2.5,208,Charlotte,Atlanta,107,99
2016-12-17,CLE,-15.5,219.5,Los Angeles Lakers,Cleveland,108,119
2016-12-17,HOU,-2,220.5,Houston,Minnesota,111,109
2016-12-17,DEN,-4,215.5,New York,Denver,114,127
2016-12-17,GSW,-14,234.5,Portland,Golden State,90,135
2016-12-18,LAC,-5,212.5,Los Angeles Clippers,Washington,110,117
2016-12-18,SAC,-1,194.5,Sacramento,Dallas,79,99
2016-12-18,BOS,-4,202.5,Boston,Miami,105,95
2016-12-18,TOR,-6,212.5,Toronto,Orlando,109,79
2016-12-18,PHI,-1,215,Brooklyn,Philadelphia,107,108
2016-12-18,UTA,-1,185.5,Utah,Memphis,82,73
2016-12-18,SAS,-12,208,New Orleans,San Antonio,100,113
2016-12-19,IND,-5,211.5,Washington,Indiana,105,107
2016-12-19,CHI,-2.5,197,Detroit,Chicago,82,113
2016-12-19,MIN,-6,214.5,Phoenix,Minnesota,108,115
2016-12-19,OKC,-3,211.5,Atlanta,Oklahoma City,110,108
2016-12-19,DEN,-8,207,Dallas,Denver,107,117
2016-12-20,NOR,-3,206,New Orleans,Philadelphia,108,93
2016-12-20,CHA,-8.5,212.5,Los Angeles Lakers,Charlotte,113,117
2016-12-20,MIA,-3.5,199,Orlando,Miami,136,130
2016-12-20,NYK,-4.5,210.5,Indiana,New York,111,118
2016-12-20,TOR,-15.5,224.5,Brooklyn,Toronto,104,116
2016-12-20,HOU,-1,213.5,San Antonio,Houston,102,100
2016-12-20,CLE,-3,212.5,Cleveland,Milwaukee,114,108
2016-12-20,BOS,-2,194,Boston,Memphis,112,109
2016-12-20,GSW,-12.5,210.5,Utah,Golden State,74,104
2016-12-20,LAC,-8,217.5,Denver,Los Angeles Clippers,102,119
2016-12-20,POR,-1,218,Portland,Sacramento,121,126
2016-12-21,CLE,-6.5,206.5,Milwaukee,Cleveland,102,113
2016-12-21,ATL,-4,215.5,Minnesota,Atlanta,92,84
2016-12-21,DET,-6,189,Memphis,Detroit,98,86
2016-12-21,OKC,-1,209,Oklahoma City,New Orleans,121,110
2016-12-21,CHI,-4,209.5,Washington,Chicago,107,97
2016-12-21,HOU,-6,227.5,Houston,Phoenix,125,111
2016-12-21,UTA,-8,193.5,Sacramento,Utah,94,93
2016-12-21,POR,-6,210.5,Dallas,Portland,96,95
2016-12-22,BOS,-1,209,Boston,Indiana,109,102
2016-12-22,GSW,-13,231,Golden State,Brooklyn,117,101
2016-12-22,NYK,-4.5,210.5,Orlando,New York,95,106
2016-12-22,MIA,-6,211.5,Los Angeles Lakers,Miami,107,115
2016-12-22,SAS,-2,205.5,San Antonio,Los Angeles Clippers,101,106
2016-12-23,ORL,-4.5,209.5,Los Angeles Lakers,Orlando,90,109
2016-12-23,CHA,-4.5,205,Chicago,Charlotte,91,103
2016-12-23,BOS,-5.5,211,Oklahoma City,Boston,117,112
2016-12-23,CLE,-16.5,225,Brooklyn,Cleveland,99,119
2016-12-23,GSW,-7,214.5,Golden State,Detroit,119,113
2016-12-23,NOR,-5,205.5,Miami,New Orleans,87,91
2016-12-23,MIL,-3,214,Washington,Milwaukee,96,123
2016-12-23,MIN,-5,206,Sacramento,Minnesota,109,105
2016-12-23,HOU,-3,205.5,Houston,Memphis,109,115
2016-12-23,DEN,-5.5,217,Atlanta,Denver,109,108
2016-12-23,PHO,-5.5,212.5,Philadelphia,Phoenix,116,123
2016-12-23,TOR,-1,198.5,Toronto,Utah,104,98
2016-12-23,SAS,-2,211.5,San Antonio,Portland,110,90
2016-12-23,LAC,-3.5,195,Dallas,Los Angeles Clippers,90,88
2016-12-25,BOS,-2,210.5,Boston,New York,119,114
2016-12-25,GSW,-3,219,Golden State,Cleveland,108,109
2016-12-25,SAS,-8.5,199,Chicago,San Antonio,100,119
2016-12-25,OKC,-4,212,Minnesota,Oklahoma City,100,112
2016-12-25,LAC,-8,213.5,Los Angeles Clippers,Los Angeles Lakers,102,111
2016-12-26,MEM,-3,193,Memphis,Orlando,102,112
2016-12-26,WAS,-3.5,212.5,Milwaukee,Washington,102,107
2016-12-26,DET,-5,204.5,Cleveland,Detroit,90,106
2016-12-26,CHA,-6,217.5,Charlotte,Brooklyn,118,120
2016-12-26,NOR,-4.5,199.5,Dallas,New Orleans,104,111
2016-12-26,CHI,-2,206,Indiana,Chicago,85,90
2016-12-26,HOU,-12.5,230,Phoenix,Houston,115,131
2016-12-26,ATL,-2,208,Atlanta,Minnesota,90,104
2016-12-26,TOR,-8,215.5,Toronto,Portland,95,91
2016-12-26,DEN,-4,208.5,Denver,Los Angeles Clippers,106,102
2016-12-26,SAC,-8,205,Philadelphia,Sacramento,100,102
2016-12-27,BOS,-7,199,Memphis,Boston,103,113
2016-12-27,OKC,-5,203,Oklahoma City,Miami,106,94
2016-12-27,HOU,-5,209,Houston,Dallas,123,107
2016-12-27,UTA,-5,204,Utah,Los Angeles Lakers,102,100
2016-12-28,CHA,-4,204.5,Charlotte,Orlando,120,101
2016-12-28,WAS,-4,214.5,Indiana,Washington,105,111
2016-12-28,ATL,-5.5,210.5,New York,Atlanta,98,102
2016-12-28,DET,-3.5,203.5,Milwaukee,Detroit,119,94
2016-12-28,LAC,-1,209.5,Los Angeles Clippers,New Orleans,98,102
2016-12-28,CHI,-9.5,213.5,Brooklyn,Chicago,99,101
2016-12-28,SAS,-11,214.5,Phoenix,San Antonio,98,119
2016-12-28,DEN,-4,217,Minnesota,Denver,103,105
2016-12-28,POR,-2,206.5,Sacramento,Portland,89,102
2016-12-28,GSW,-9.5,227.5,Toronto,Golden State,111,121
2016-12-29,CHA,-6,205,Miami,Charlotte,82,91
2016-12-29,CLE,-6,217,Boston,Cleveland,118,124
2016-12-29,MEM,-1.5,198,Oklahoma City,Memphis,80,114
2016-12-29,TOR,-8,223.5,Toronto,Phoenix,91,99
2016-12-29,UTA,-14.5,196.5,Philadelphia,Utah,83,100
2016-12-29,LAL,-4,205.5,Dallas,Los Angeles Lakers,101,89
2016-12-30,IND,-4,201,Chicago,Indiana,101,111
2016-12-30,WAS,-7,219.5,Brooklyn,Washington,95,118
2016-12-30,BOS,-9.5,203.5,Miami,Boston,114,117
2016-12-30,ATL,-2,199.5,Detroit,Atlanta,98,105
2016-12-30,NOR,-3,215.5,New York,New Orleans,92,104
2016-12-30,HOU,-10.5,216.5,Los Angeles Clippers,Houston,116,140
2016-12-30,MIN,0,209,Milwaukee,Minnesota,99,116
2016-12-30,SAS,-10,202.5,Portland,San Antonio,94,110
2016-12-30,DEN,-10,213.5,Philadelphia,Denver,124,122
2016-12-30,GSW,-18,214.5,Dallas,Golden State,99,108
2016-12-31,MEM,-2,195.5,Memphis,Sacramento,112,98
2016-12-31,CHI,-3,204,Milwaukee,Chicago,116,96
2016-12-31,CLE,-1,210.5,Cleveland,Charlotte,121,109
2016-12-31,HOU,-12.5,224.5,New York,Houston,122,129
2016-12-31,OKC,-9,209.5,Los Angeles Clippers,Oklahoma City,88,114
2016-12-31,UTA,-11.5,207,Phoenix,Utah,86,91
2017-01-01,SAS,-5,199.5,San Antonio,Atlanta,112,114
2017-01-01,IND,-5.5,209.5,Orlando,Indiana,104,117
2017-01-01,DET,-6,198,Detroit,Miami,107,98
2017-01-01,MIN,-6,208,Portland,Minnesota,95,89
2017-01-01,TOR,-8,218,Toronto,Los Angeles Lakers,123,114
2017-01-02,CLE,-9,217,New Orleans,Cleveland,82,90
2017-01-02,MIL,-1.5,214,Oklahoma City,Milwaukee,94,98
2017-01-02,UTA,-6,204,Utah,Brooklyn,101,89
2017-01-02,NYK,-4,209.5,Orlando,New York,115,103
2017-01-02,CHA,-1,199,Charlotte,Chicago,111,118
2017-01-02,HOU,-7.5,230.5,Washington,Houston,91,101
2017-01-02,GSW,-15.5,231.5,Denver,Golden State,119,127
2017-01-02,LAC,-4.5,213.5,Phoenix,Los Angeles Clippers,98,109
2017-01-03,MIN,-4,206,Minnesota,Philadelphia,91,93
2017-01-03,BOS,-5.5,200,Utah,Boston,104,115
2017-01-03,DET,-5,205,Indiana,Detroit,121,116
2017-01-03,DAL,-1,201.5,Washington,Dallas,105,113
2017-01-03,SAS,-5.5,206.5,Toronto,San Antonio,82,110
2017-01-03,DEN,-3.5,215,Sacramento,Denver,120,113
2017-01-03,PHO,-5,212.5,Miami,Phoenix,90,99
2017-01-03,MEM,-4,207,Memphis,Los Angeles Lakers,102,116
2017-01-04,ATL,-2,207,Atlanta,Orlando,111,92
2017-01-04,CHA,-2,208.5,Oklahoma City,Charlotte,112,123
2017-01-04,MIL,-3,212.5,Milwaukee,New York,105,104
2017-01-04,CLE,-3.5,204,Chicago,Cleveland,106,94
2017-01-04,GSW,-16,222,Portland,Golden State,117,125
2017-01-04,MEM,-1,197,Memphis,Los Angeles Clippers,106,115
2017-01-04,SAC,-8,204,Miami,Sacramento,107,102
2017-01-05,IND,-10.5,218.5,Brooklyn,Indiana,109,121
2017-01-05,DET,-5,208,Charlotte,Detroit,114,115
2017-01-05,TOR,-4.5,197,Utah,Toronto,93,101
2017-01-05,NOR,-2,208.5,Atlanta,New Orleans,99,94
2017-01-05,HOU,-8,227.5,Oklahoma City,Houston,116,118
2017-01-05,DAL,-5.5,206,Phoenix,Dallas,102,95
2017-01-05,SAS,-7,213.5,San Antonio,Denver,127,99
2017-01-05,POR,-6.5,221,Los Angeles Lakers,Portland,109,118
2017-01-06,HOU,-5,224,Houston,Orlando,100,93
2017-01-06,WAS,-4.5,211.5,Minnesota,Washington,105,112
2017-01-06,BOS,-11,212.5,Philadelphia,Boston,106,110
2017-01-06,CLE,-13,221,Cleveland,Brooklyn,116,108
2017-01-06,MIL,-5,213.5,New York,Milwaukee,116,111
2017-01-06,GSW,-13.5,215.5,Memphis,Golden State,128,119
2017-01-06,LAL,-2.5,213.5,Miami,Los Angeles Lakers,100,127
2017-01-06,LAC,-2,212,Los Angeles Clippers,Sacramento,106,98
2017-01-07,IND,-7,216.5,New York,Indiana,109,123
2017-01-07,BOS,-6,212,New Orleans,Boston,108,117
2017-01-07,TOR,-1,207,Toronto,Chicago,118,123
2017-01-07,UTA,-4,193,Utah,Minnesota,94,92
2017-01-07,OKC,-7.5,220.5,Denver,Oklahoma City,106,121
2017-01-07,ATL,-1,196.5,Atlanta,Dallas,97,82
2017-01-07,SAS,-11,208.5,Charlotte,San Antonio,85,102
2017-01-08,BKN,-1,216,Philadelphia,Brooklyn,105,95
2017-01-08,MIL,-4.5,213.5,Washington,Milwaukee,107,101
2017-01-08,LAC,-9,207,Miami,Los Angeles Clippers,86,98
2017-01-08,HOU,-2,227.5,Houston,Toronto,129,122
2017-01-08,MEM,-2.5,187.5,Utah,Memphis,79,88
2017-01-08,CLE,-8,221,Cleveland,Phoenix,120,116
2017-01-08,POR,-3.5,213,Detroit,Portland,125,124
2017-01-08,GSW,-11,226.5,Golden State,Sacramento,117,106
2017-01-08,LAL,-2.5,217,Orlando,Los Angeles Lakers,95,111
2017-01-09,NYK,-3.5,214.5,New Orleans,New York,110,96
2017-01-09,OKC,-1,210.5,Oklahoma City,Chicago,109,94
2017-01-09,MIN,-4.5,195,Dallas,Minnesota,92,101
2017-01-10,WAS,-12,204,Chicago,Washington,99,101
2017-01-10,ATL,-8,216.5,Atlanta,Brooklyn,117,97
2017-01-10,TOR,-5.5,217.5,Boston,Toronto,106,114
2017-01-10,HOU,-8.5,226,Charlotte,Houston,114,121
2017-01-10,SAS,-10,203,Milwaukee,San Antonio,109,107
2017-01-10,CLE,-1,203.5,Cleveland,Utah,92,100
2017-01-10,GSW,-14.5,218,Miami,Golden State,95,107
2017-01-10,POR,-2,228.5,Portland,Los Angeles Lakers,108,87
2017-01-10,SAC,-3,205,Detroit,Sacramento,94,100
2017-01-11,NYK,-2,211,New York,Philadelphia,97,98
2017-01-11,BOS,-5.5,217.5,Washington,Boston,108,117
2017-01-11,HOU,-3,218.5,Houston,Minnesota,105,119
2017-01-11,OKC,-4.5,203.5,Memphis,Oklahoma City,95,103
2017-01-11,LAC,-10,209,Orlando,Los Angeles Clippers,96,105
2017-01-11,CLE,-5,222,Cleveland,Portland,86,102
2017-01-12,IND,-4,226,Indiana,Denver,112,140
2017-01-12,BKN,-2.5,214.5,New Orleans,Brooklyn,104,95
2017-01-12,NYK,-3,207.5,Chicago,New York,89,104
2017-01-12,SAS,-14,212,Los Angeles Lakers,San Antonio,94,134
2017-01-12,DAL,-2,207.5,Dallas,Phoenix,113,108
2017-01-12,GSW,-13.5,218,Detroit,Golden State,107,127
2017-01-13,CHA,-5,208,Charlotte,Philadelphia,93,102
2017-01-13,TOR,-15,224,Brooklyn,Toronto,113,132
2017-01-13,ATL,-4,212,Boston,Atlanta,103,101
2017-01-13,HOU,-7.5,216,Memphis,Houston,110,105
2017-01-13,MIL,-7.5,205,Miami,Milwaukee,108,116
2017-01-13,OKC,-2,208.5,Oklahoma City,Minnesota,86,96
2017-01-13,POR,-7,213.5,Orlando,Portland,115,109
2017-01-13,CLE,-6,214.5,Cleveland,Sacramento,120,108
2017-01-13,UTA,-11.5,191,Detroit,Utah,77,110
2017-01-14,LAC,-11.5,218.5,Los Angeles Lakers,Los Angeles Clippers,97,113
2017-01-14,CHI,-3.5,205.5,New Orleans,Chicago,99,107
2017-01-14,SAS,-12,212.5,San Antonio,Phoenix,105,108
2017-01-14,WAS,-10,210.5,Philadelphia,Washington,93,109
2017-01-14,UTA,-11,194.5,Orlando,Utah,107,114
2017-01-15,DAL,0,197.5,Minnesota,Dallas,87,98
2017-01-15,ATL,-4,205.5,Milwaukee,Atlanta,98,111
2017-01-15,TOR,-10,219.5,New York,Toronto,101,116
2017-01-15,HOU,-14,234.5,Houston,Brooklyn,137,112
2017-01-15,OKC,-1,213.5,Oklahoma City,Sacramento,122,118
2017-01-15,MEM,-8.5,192.5,Chicago,Memphis,108,104
2017-01-15,DET,-2,213,Detroit,Los Angeles Lakers,102,97
2017-01-16,ATL,-2,210.5,Atlanta,New York,108,107
2017-01-16,WAS,-3.5,219,Portland,Washington,101,120
2017-01-16,MIL,-8.5,207,Philadelphia,Milwaukee,113,104
2017-01-16,IND,-5,214,New Orleans,Indiana,95,98
2017-01-16,DEN,-6,223.5,Orlando,Denver,112,125
2017-01-16,BOS,-5,217,Charlotte,Boston,98,108
2017-01-16,GSW,-9,227.5,Cleveland,Golden State,91,126
2017-01-16,UTA,-6,205,Utah,Phoenix,106,101
2017-01-16,LAC,-8,217.5,Oklahoma City,Los Angeles Clippers,98,120
2017-01-17,HOU,-7,221,Houston,Miami,103,109
2017-01-17,TOR,-8,225,Toronto,Brooklyn,119,109
2017-01-17,CHI,-4.5,196.5,Dallas,Chicago,99,98
2017-01-17,SAS,-12,202,Minnesota,San Antonio,114,122
2017-01-17,LAL,0,230,Denver,Los Angeles Lakers,127,121
2017-01-18,TOR,-5,215.5,Toronto,Philadelphia,89,94
2017-01-18,WAS,-2,208,Memphis,Washington,101,104
2017-01-18,CHA,-5,217,Portland,Charlotte,85,107
2017-01-18,BOS,-9,219,New York,Boston,117,106
2017-01-18,NOR,-5,210.5,Orlando,New Orleans,98,118
2017-01-18,ATL,-2,199.5,Atlanta,Detroit,95,118
2017-01-18,HOU,-6,226,Milwaukee,Houston,92,111
2017-01-18,GSW,-15,231,Oklahoma City,Golden State,100,121
2017-01-18,SAC,-2.5,213,Indiana,Sacramento,106,100
2017-01-19,CLE,-11.5,220.5,Phoenix,Cleveland,103,118
2017-01-19,MIA,-2,200.5,Dallas,Miami,95,99
2017-01-19,WAS,-1,221,Washington,New York,113,110
2017-01-19,SAS,-13,216.5,Denver,San Antonio,104,118
2017-01-19,MIN,-1,207.5,Minnesota,Los Angeles Clippers,104,101
2017-01-20,MIL,-3,211.5,Milwaukee,Orlando,96,112
2017-01-20,POR,-2,210,Portland,Philadelphia,92,93
2017-01-20,CHA,-1.5,216,Toronto,Charlotte,78,113
2017-01-20,ATL,-4,204.5,Chicago,Atlanta,93,102
2017-01-20,NOR,-10,221.5,Brooklyn,New Orleans,143,114
2017-01-20,GSW,-5,242,Golden State,Houston,125,108
2017-01-20,MEM,-8,200,Sacramento,Memphis,91,107
2017-01-20,UTA,-5,188.5,Utah,Dallas,112,107
2017-01-20,IND,-4,220.5,Indiana,Los Angeles Lakers,95,108
2017-01-21,BOS,-7.5,217,Portland,Boston,127,123
2017-01-21,DET,-2.5,208,Washington,Detroit,112,113
2017-01-21,ATL,-10,200,Philadelphia,Atlanta,93,110
2017-01-21,CHA,-12,222,Brooklyn,Charlotte,105,112
2017-01-21,MIL,-2,205,Milwaukee,Miami,97,109
2017-01-21,NYK,-4.5,223.5,Phoenix,New York,107,105
2017-01-21,MEM,0,216,Houston,Memphis,119,95
2017-01-21,CLE,-3.5,211.5,San Antonio,Cleveland,118,115
2017-01-21,CHI,-6.5,205,Sacramento,Chicago,99,102
2017-01-21,DEN,-5,222.5,Los Angeles Clippers,Denver,98,123
2017-01-21,UTA,-6.5,200.5,Indiana,Utah,100,109
2017-01-22,GSW,-13,224.5,Golden State,Orlando,118,98
2017-01-22,DAL,-6,206.5,Los Angeles Lakers,Dallas,73,122
2017-01-22,TOR,-12.5,219.5,Phoenix,Toronto,115,103
2017-01-22,MIN,-3.5,221,Denver,Minnesota,108,111
2017-01-23,CHA,-6.5,212.5,Washington,Charlotte,109,99
2017-01-23,ATL,-7.5,206.5,Los Angeles Clippers,Atlanta,115,105
2017-01-23,DET,-7,205,Sacramento,Detroit,109,104
2017-01-23,GSW,-11,217.5,Golden State,Miami,102,105
2017-01-23,SAS,-8,214.5,San Antonio,Brooklyn,112,86
2017-01-23,CLE,-10,215.5,Cleveland,New Orleans,122,124
2017-01-23,IND,-5,217,New York,Indiana,109,103
2017-01-23,HOU,-4,226.5,Houston,Milwaukee,114,127
2017-01-23,UTA,-5,204,Oklahoma City,Utah,97,95
2017-01-24,CHI,-3,204,Chicago,Orlando,100,92
2017-01-24,LAC,-4,204,Los Angeles Clippers,Philadelphia,110,121
2017-01-24,WAS,-1.5,216.5,Boston,Washington,108,123
2017-01-24,TOR,-2.5,203,San Antonio,Toronto,108,106
2017-01-24,DEN,-1.5,210.5,Utah,Denver,93,103
2017-01-24,MIN,-1,215.5,Minnesota,Phoenix,112,111
2017-01-25,CLE,-11,215.5,Sacramento,Cleveland,116,112
2017-01-25,HOU,-4,229,Houston,Boston,109,120
2017-01-25,MIA,-2,218,Miami,Brooklyn,109,106
2017-01-25,OKC,-1,217.5,Oklahoma City,New Orleans,114,105
2017-01-25,ATL,-1,203.5,Atlanta,Chicago,119,114
2017-01-25,MIL,-11,207,Philadelphia,Milwaukee,114,109
2017-01-25,MEM,-5,200,Toronto,Memphis,99,101
2017-01-25,GSW,-9,223.5,Golden State,Charlotte,113,103
2017-01-25,DAL,-2.5,200.5,New York,Dallas,95,103
2017-01-25,POR,-8,220,Los Angeles Lakers,Portland,98,105
2017-01-26,MIN,-3,213,Indiana,Minnesota,109,103
2017-01-26,OKC,-9,197,Dallas,Oklahoma City,98,109
2017-01-26,DEN,-7,232,Phoenix,Denver,120,127
2017-01-26,UTA,-14,202.5,Los Angeles Lakers,Utah,88,96
2017-01-27,IND,-4.5,211.5,Sacramento,Indiana,111,115
2017-01-27,BOS,-7,213,Orlando,Boston,98,128
2017-01-27,CLE,-17,225,Brooklyn,Cleveland,116,124
2017-01-27,CHA,-1,211.5,Charlotte,New York,107,110
2017-01-27,TOR,-6,213.5,Milwaukee,Toronto,86,102
2017-01-27,ATL,-3,214,Washington,Atlanta,112,86
2017-01-27,SAS,-7,211.5,San Antonio,New Orleans,103,119
2017-01-27,CHI,-7,204,Miami,Chicago,100,88
2017-01-27,HOU,-7,221,Houston,Philadelphia,123,118
2017-01-27,POR,-1,205.5,Memphis,Portland,109,112
2017-01-28,CHA,-7,205,Sacramento,Charlotte,109,106
2017-01-28,DET,-3,202,Detroit,Miami,103,116
2017-01-28,MIL,-2,217,Boston,Milwaukee,112,108
2017-01-28,GSW,-13,224,Los Angeles Clippers,Golden State,98,144
2017-01-28,MIN,-10.5,220.5,Brooklyn,Minnesota,109,129
2017-01-28,PHO,-3.5,227.5,Denver,Phoenix,123,112
2017-01-28,UTA,-7.5,190.5,Memphis,Utah,102,95
2017-01-29,ATL,-6,209.5,New York,Atlanta,139,142
2017-01-29,CLE,-8,217.5,Oklahoma City,Cleveland,91,107
2017-01-29,WAS,-1,221.5,Washington,New Orleans,107,94
2017-01-29,HOU,-3,229,Houston,Indiana,101,120
2017-01-29,TOR,-11,211.5,Orlando,Toronto,114,113
2017-01-29,CHI,-6.5,205.5,Philadelphia,Chicago,108,121
2017-01-29,SAS,-12,195.5,Dallas,San Antonio,105,101
2017-01-29,GSW,-6,225,Golden State,Portland,113,111
2017-01-30,SAC,-3,207,Sacramento,Philadelphia,119,122
2017-01-30,MIA,-7.5,218.5,Brooklyn,Miami,96,104
2017-01-30,BOS,-5,217,Detroit,Boston,109,113
2017-01-30,MIN,-8,212.5,Orlando,Minnesota,105,111
2017-01-30,CLE,-4,208.5,Cleveland,Dallas,97,104
2017-01-30,MEM,-3,207,Memphis,Phoenix,115,96
2017-01-31,WAS,-8.5,215,New York,Washington,101,117
2017-01-31,TOR,-7.5,212,New Orleans,Toronto,106,108
2017-01-31,HOU,-12,225.5,Sacramento,Houston,83,105
2017-01-31,SAS,-9.5,210,Oklahoma City,San Antonio,94,108
2017-01-31,POR,-4,215,Charlotte,Portland,98,115
2017-01-31,LAL,-1,226.5,Denver,Los Angeles Lakers,116,120
2017-02-01,CLE,-6.5,216.5,Minnesota,Cleveland,97,125
2017-02-01,IND,-2,212.5,Indiana,Orlando,98,88
2017-02-01,BOS,-6,213.5,Toronto,Boston,104,109
2017-02-01,DET,-7,210.5,New Orleans,Detroit,98,118
2017-02-01,MIA,-1.5,205,Atlanta,Miami,93,116
2017-02-01,NYK,-2,224.5,New York,Brooklyn,95,90
2017-02-01,DAL,-7.5,205,Philadelphia,Dallas,95,113
2017-02-01,MEM,-4,211.5,Memphis,Denver,119,99
2017-02-01,LAC,-2,220.5,Los Angeles Clippers,Phoenix,124,114
2017-02-01,UTA,-8,198.5,Milwaukee,Utah,88,104
2017-02-01,OKC,-2.5,207,Chicago,Oklahoma City,128,100
2017-02-01,GSW,-15,227,Charlotte,Golden State,111,126
2017-02-02,WAS,-10.5,219.5,Los Angeles Lakers,Washington,108,116
2017-02-02,HOU,-9.5,225.5,Atlanta,Houston,113,108
2017-02-02,SAS,-17,213,Philadelphia,San Antonio,86,102
2017-02-02,GSW,-7,229.5,Golden State,Los Angeles Clippers,133,120
2017-02-03,TOR,-5,206.5,Toronto,Orlando,94,102
2017-02-03,DET,-4.5,209,Minnesota,Detroit,108,116
2017-02-03,IND,-6,218.5,Indiana,Brooklyn,106,97
2017-02-03,BOS,-11,222.5,Los Angeles Lakers,Boston,107,113
2017-02-03,HOU,-9.5,222,Chicago,Houston,117,121
2017-02-03,MEM,-1,204.5,Memphis,Oklahoma City,102,114
2017-02-03,DEN,-2.5,224,Milwaukee,Denver,117,121
2017-02-03,POR,-6,205,Dallas,Portland,108,104
2017-02-03,SAC,-4,218,Phoenix,Sacramento,105,103
2017-02-04,ATL,-7,210,Orlando,Atlanta,86,113
2017-02-04,IND,-3,209.5,Detroit,Indiana,84,105
2017-02-04,WAS,-6.5,216.5,New Orleans,Washington,91,105
2017-02-04,MIA,-9.5,208.5,Philadelphia,Miami,102,125
2017-02-04,CLE,-4,213,Cleveland,New York,111,104
2017-02-04,MIN,-4.5,203.5,Memphis,Minnesota,107,99
2017-02-04,MIL,-1,221,Milwaukee,Phoenix,137,112
2017-02-04,SAS,-13,223,Denver,San Antonio,97,121
2017-02-04,UTA,-8,197.5,Charlotte,Utah,98,105
2017-02-04,GSW,-14,225.5,Golden State,Sacramento,106,109
2017-02-05,TOR,-6,216,Toronto,Brooklyn,103,95
2017-02-05,BOS,-6,221,Los Angeles Clippers,Boston,102,107
2017-02-05,OKC,-5,218.5,Portland,Oklahoma City,99,105
2017-02-06,IND,-5,211.5,Oklahoma City,Indiana,90,93
2017-02-06,NYK,-5,222.5,Los Angeles Lakers,New York,121,107
2017-02-06,CLE,-1,218.5,Cleveland,Washington,140,135
2017-02-06,ATL,-1.5,197.5,Utah,Atlanta,120,95
2017-02-06,DET,-8.5,211,Philadelphia,Detroit,96,113
2017-02-06,TOR,-6.5,217.5,Los Angeles Clippers,Toronto,109,118
2017-02-06,NOR,-5.5,221.5,Phoenix,New Orleans,106,111
2017-02-06,MIN,-1,204.5,Miami,Minnesota,115,113
2017-02-06,DEN,-2.5,212.5,Dallas,Denver,87,110
2017-02-06,MEM,-1,200.5,San Antonio,Memphis,74,89
2017-02-06,SAC,-4,205.5,Chicago,Sacramento,112,107
2017-02-07,CHA,-10,219.5,Brooklyn,Charlotte,107,111
2017-02-07,HOU,-12.5,223.5,Orlando,Houston,104,128
2017-02-07,POR,-2,206,Portland,Dallas,114,113
2017-02-08,CLE,-3,216,Cleveland,Indiana,132,117
2017-02-08,SAS,-12,206.5,San Antonio,Philadelphia,111,103
2017-02-08,ATL,-3.5,224,Denver,Atlanta,106,117
2017-02-08,DET,-6.5,218.5,Los Angeles Lakers,Detroit,102,121
2017-02-08,WAS,-10,222,Washington,Brooklyn,114,110
2017-02-08,UTA,-3,199.5,Utah,New Orleans,127,94
2017-02-08,MIL,-4,208,Miami,Milwaukee,106,88
2017-02-08,TOR,-3,210.5,Toronto,Minnesota,109,112
2017-02-08,NYK,0,220,Los Angeles Clippers,New York,119,115
2017-02-08,MEM,-7.5,211.5,Phoenix,Memphis,91,110
2017-02-08,GSW,-18,222.5,Chicago,Golden State,92,123
2017-02-08,BOS,-8,211.5,Boston,Sacramento,92,108
2017-02-09,ORL,-6.5,209,Philadelphia,Orlando,112,111
2017-02-09,HOU,-2,224.5,Houston,Charlotte,107,95
2017-02-09,OKC,-1.5,219,Cleveland,Oklahoma City,109,118
2017-02-09,UTA,-2,193.5,Utah,Dallas,105,112
2017-02-09,POR,-3,222.5,Boston,Portland,120,111
2017-02-10,SAS,-5,209,San Antonio,Detroit,103,92
2017-02-10,MIA,-5,214.5,Miami,Brooklyn,108,99
2017-02-10,NYK,-1.5,229,Denver,New York,131,123
2017-02-10,MIL,-6,217,Los Angeles Lakers,Milwaukee,122,114
2017-02-10,MIN,-5,210.5,New Orleans,Minnesota,122,106
2017-02-10,WAS,-5.5,215,Indiana,Washington,107,112
2017-02-10,GSW,-8,216,Golden State,Memphis,122,107
2017-02-10,CHI,-3,219.5,Chicago,Phoenix,97,115
2017-02-10,ATL,-2,210,Atlanta,Sacramento,107,108
2017-02-11,CHA,-2.5,217,Los Angeles Clippers,Charlotte,107,102
2017-02-11,IND,-6,210,Milwaukee,Indiana,116,100
2017-02-11,CLE,-12,232,Denver,Cleveland,109,125
2017-02-11,MIA,-3,208.5,Miami,Philadelphia,109,117
2017-02-11,GSW,-8,226.5,Golden State,Oklahoma City,130,114
2017-02-11,DAL,-6.5,203.5,Orlando,Dallas,80,112
2017-02-11,HOU,-16,233,Phoenix,Houston,102,133
2017-02-11,UTA,-6.5,205,Boston,Utah,112,104
2017-02-12,MIN,-7,204.5,Chicago,Minnesota,89,117
2017-02-12,SAS,-9,211,San Antonio,New York,90,94
2017-02-12,TOR,-7,213,Detroit,Toronto,102,101
2017-02-12,SAC,-4,213,New Orleans,Sacramento,99,105
2017-02-13,SAS,-5,208,San Antonio,Indiana,110,106
2017-02-13,CHA,-7.5,213,Philadelphia,Charlotte,105,99
2017-02-13,MIA,-7.5,207.5,Orlando,Miami,116,107
2017-02-13,MEM,-8,211,Memphis,Brooklyn,112,103
2017-02-13,MIL,-2.5,209.5,Detroit,Milwaukee,89,102
2017-02-13,WAS,-5.5,218,Oklahoma City,Washington,98,120
2017-02-13,BOS,-2,211,Boston,Dallas,111,98
2017-02-13,GSW,-12,236.5,Golden State,Denver,110,132
2017-02-13,PHO,-3.5,222,New Orleans,Phoenix,110,108
2017-02-13,UTA,-8,207.5,Los Angeles Clippers,Utah,88,72
2017-02-13,POR,-2,218,Atlanta,Portland,109,104
2017-02-14,TOR,-4,209.5,Toronto,Chicago,94,105
2017-02-14,CLE,-3,219,Cleveland,Minnesota,116,108
2017-02-14,LAL,-2.5,218.5,Sacramento,Los Angeles Lakers,97,96
2017-02-15,CLE,-6,219,Indiana,Cleveland,104,113
2017-02-15,SAS,-10,207,San Antonio,Orlando,107,79
2017-02-15,BOS,-10,218.5,Philadelphia,Boston,108,116
2017-02-15,DET,-4.5,200.5,Dallas,Detroit,91,98
2017-02-15,MIL,-5,218.5,Milwaukee,Brooklyn,129,125
2017-02-15,TOR,-6,213,Charlotte,Toronto,85,90
2017-02-15,HOU,-10.5,224.5,Miami,Houston,117,109
2017-02-15,MEM,-8,205,New Orleans,Memphis,95,91
2017-02-15,DEN,-6.5,225.5,Minnesota,Denver,112,99
2017-02-15,PHO,-4.5,226.5,Los Angeles Lakers,Phoenix,101,137
2017-02-15,UTA,-8.5,205,Portland,Utah,88,111
2017-02-15,OKC,-7.5,218,New York,Oklahoma City,105,116
2017-02-15,GSW,-18.5,225.5,Sacramento,Golden State,86,109
2017-02-15,LAC,-3.5,213.5,Atlanta,Los Angeles Clippers,84,99
2017-02-16,WAS,-3,215.5,Washington,Indiana,111,98
2017-02-16,BOS,-1,214,Boston,Chicago,103,104
2017-02-23,POR,-3,217,Portland,Orlando,112,103
2017-02-23,DET,-5,208,Charlotte,Detroit,108,114
2017-02-23,HOU,-3,230.5,Houston,New Orleans,129,99
2017-02-23,CLE,-10.5,223,New York,Cleveland,104,119
2017-02-23,GSW,-13.5,229,Los Angeles Clippers,Golden State,113,123
2017-02-23,DEN,-6,221.5,Denver,Sacramento,100,116
2017-02-24,MEM,-1,204,Memphis,Indiana,92,102
2017-02-24,WAS,-8,217.5,Washington,Philadelphia,112,120
2017-02-24,ATL,-3,206,Miami,Atlanta,108,90
2017-02-24,CHI,-5.5,219.5,Phoenix,Chicago,121,128
2017-02-24,UTA,-3,202.5,Utah,Milwaukee,109,95
2017-02-24,MIN,-4,204.5,Dallas,Minnesota,84,97
2017-02-24,OKC,-10.5,221.5,Los Angeles Lakers,Oklahoma City,93,110
2017-02-24,TOR,-1.5,213,Boston,Toronto,97,107
2017-02-24,DEN,-10,234,Brooklyn,Denver,109,129
2017-02-24,SAS,-2,210.5,San Antonio,Los Angeles Clippers,105,97
2017-02-25,CHA,-3,208,Charlotte,Sacramento,99,85
2017-02-25,ATL,-3,209,Atlanta,Orlando,86,105
2017-02-25,NYK,-6.5,220,Philadelphia,New York,109,110
2017-02-25,MIA,-4.5,208.5,Indiana,Miami,95,113
2017-02-25,CLE,-6,210,Chicago,Cleveland,117,99
2017-02-25,HOU,-12.5,229.5,Minnesota,Houston,130,142
2017-02-25,GSW,-21,234.5,Brooklyn,Golden State,95,112
2017-02-26,SAS,-12,209.5,San Antonio,Los Angeles Lakers,119,98
2017-02-26,MIL,-6,224,Phoenix,Milwaukee,96,100
2017-02-26,DEN,-2,217,Memphis,Denver,105,98
2017-02-26,WAS,-2,204,Utah,Washington,102,92
2017-02-26,BOS,-2,213.5,Boston,Detroit,104,98
2017-02-26,TOR,-5,208.5,Portland,Toronto,106,112
2017-02-26,OKC,-6.5,217.5,New Orleans,Oklahoma City,110,118
2017-02-26,LAC,-11,212.5,Charlotte,Los Angeles Clippers,121,124
2017-02-27,CLE,-9.5,218.5,Milwaukee,Cleveland,95,102
2017-02-27,TOR,-3,210.5,Toronto,New York,92,91
2017-02-27,GSW,-14,228,Golden State,Philadelphia,119,108
2017-02-27,BOS,-4,212,Atlanta,Boston,114,98
2017-02-27,MIA,-1,201.5,Miami,Dallas,89,96
2017-02-27,HOU,-10,230,Indiana,Houston,117,108
2017-02-27,MIN,-4,209.5,Minnesota,Sacramento,102,88
2017-02-28,GSW,-7,232,Golden State,Washington,108,112
2017-02-28,DET,-4,213.5,Portland,Detroit,113,120
2017-02-28,CHI,-2.5,223,Denver,Chicago,125,107
2017-02-28,UTA,-2,202.5,Utah,Oklahoma City,106,109
2017-02-28,MEM,-9,211.5,Phoenix,Memphis,112,130
2017-02-28,CHA,-5,215,Charlotte,Los Angeles Lakers,109,104
2017-03-01,ORL,-2.5,215,New York,Orlando,101,90
2017-03-01,ATL,-6,195.5,Dallas,Atlanta,95,100
2017-03-01,MIA,-9.5,213,Philadelphia,Miami,98,125
2017-03-01,TOR,-4.5,208,Washington,Toronto,105,96
2017-03-01,BOS,-1.5,224,Cleveland,Boston,99,103
2017-03-01,NOR,-2.5,209.5,Detroit,New Orleans,86,109
2017-03-01,MIL,-4.5,223.5,Denver,Milwaukee,110,98
2017-03-01,SAS,-9.5,206.5,Indiana,San Antonio,99,100
2017-03-01,UTA,-6.5,199.5,Minnesota,Utah,107,80
2017-03-01,LAC,-2,235.5,Houston,Los Angeles Clippers,122,103
2017-03-01,SAC,-2.5,216,Brooklyn,Sacramento,109,100
2017-03-02,GSW,-7,217,Golden State,Chicago,87,94
2017-03-02,CHA,-4,218.5,Charlotte,Phoenix,103,120
2017-03-02,OKC,-1,223,Oklahoma City,Portland,109,114
2017-03-03,CLE,-2,214.5,Cleveland,Atlanta,135,130
2017-03-03,MIA,-4,210,Miami,Orlando,99,110
2017-03-03,NYK,-1,217,New York,Philadelphia,102,105
2017-03-03,WAS,-5,207.5,Toronto,Washington,114,106
2017-03-03,LAC,-5,210,Los Angeles Clippers,Milwaukee,101,112
2017-03-03,MEM,-2,190,Memphis,Dallas,100,104
2017-03-03,OKC,-5,225.5,Oklahoma City,Phoenix,111,118
2017-03-03,UTA,-12.5,206,Brooklyn,Utah,97,112
2017-03-03,SAS,-6,207,San Antonio,New Orleans,101,98
2017-03-03,BOS,-7,218.5,Boston,Los Angeles Lakers,115,95
2017-03-04,DET,-5,213.5,Detroit,Philadelphia,136,106
2017-03-04,MIA,-8,209.5,Cleveland,Miami,92,120
2017-03-04,MIL,0,203,Toronto,Milwaukee,94,101
2017-03-04,LAC,-3,210.5,Los Angeles Clippers,Chicago,101,91
2017-03-04,DEN,-5.5,222,Charlotte,Denver,112,102
2017-03-04,HOU,-8.5,221.5,Memphis,Houston,108,123
2017-03-04,SAS,-7.5,204.5,Minnesota,San Antonio,90,97
2017-03-04,POR,-11,224,Brooklyn,Portland,116,130
2017-03-05,ATL,-3,209.5,Indiana,Atlanta,97,96
2017-03-05,GSW,-10,219,Golden State,New York,112,105
2017-03-05,BOS,-4,228.5,Boston,Phoenix,106,109
2017-03-05,WAS,-12,217,Orlando,Washington,114,115
2017-03-05,UTA,-10,191,Utah,Sacramento,110,109
2017-03-05,DAL,-1,207.5,Oklahoma City,Dallas,89,104
2017-03-05,NOR,-6,217.5,New Orleans,Los Angeles Lakers,105,97
2017-03-06,CLE,-9.5,214,Miami,Cleveland,106,98
2017-03-06,ORL,-3,207.5,New York,Orlando,113,105
2017-03-06,MIL,-5,212,Milwaukee,Philadelphia,112,98
2017-03-06,GSW,-6,216.5,Golden State,Atlanta,119,111
2017-03-06,DET,-6,204.5,Chicago,Detroit,95,109
2017-03-06,MEM,-10,212.5,Brooklyn,Memphis,122,109
2017-03-06,CHA,-4.5,205,Indiana,Charlotte,88,100
2017-03-06,SAS,-3.5,221.5,Houston,San Antonio,110,112
2017-03-06,DEN,-10.5,215,Sacramento,Denver,96,108
2017-03-06,UTA,-5,196.5,New Orleans,Utah,83,88
2017-03-06,LAC,-7,218,Boston,Los Angeles Clippers,102,116
2017-03-07,OKC,-7,222,Portland,Oklahoma City,126,121
2017-03-07,DAL,-9,206.5,Los Angeles Lakers,Dallas,111,122
2017-03-07,WAS,-5,229,Washington,Phoenix,131,127
2017-03-08,ORL,0,204.5,Chicago,Orlando,91,98
2017-03-08,ATL,-10,219.5,Brooklyn,Atlanta,105,110
2017-03-08,MIA,-4,203.5,Charlotte,Miami,101,108
2017-03-08,NOR,-3.5,204,Toronto,New Orleans,94,87
2017-03-08,HOU,-8.5,215.5,Utah,Houston,115,108
2017-03-08,IND,-4,208,Detroit,Indiana,98,115
2017-03-08,MIL,-6.5,208.5,New York,Milwaukee,93,104
2017-03-08,LAC,-3,211.5,Los Angeles Clippers,Minnesota,91,107
2017-03-08,SAS,-11,195,Sacramento,San Antonio,104,114
2017-03-08,WAS,-2,223.5,Washington,Denver,123,113
2017-03-08,GSW,-7.5,223.5,Boston,Golden State,99,86
2017-03-09,CLE,-4,215,Cleveland,Detroit,101,106
2017-03-09,SAS,-2,209,San Antonio,Oklahoma City,92,102
2017-03-09,MEM,-2.5,206,Los Angeles Clippers,Memphis,114,98
2017-03-09,POR,-9.5,221,Philadelphia,Portland,108,114
2017-03-09,PHO,-6.5,231,Los Angeles Lakers,Phoenix,122,110
2017-03-10,CHA,-9,203,Orlando,Charlotte,81,121
2017-03-10,ATL,-3,203.5,Toronto,Atlanta,99,105
2017-03-10,HOU,-6,224,Houston,Chicago,115,94
2017-03-10,MIL,-1.5,204,Indiana,Milwaukee,85,99
2017-03-10,GSW,-5,213,Golden State,Minnesota,102,103
2017-03-10,DAL,-10,212,Brooklyn,Dallas,96,105
2017-03-10,BOS,-2,223,Boston,Denver,99,119
2017-03-10,WAS,-8,214,Washington,Sacramento,130,122
2017-03-11,OKC,-4.5,207,Utah,Oklahoma City,104,112
2017-03-11,LAC,-14.5,214.5,Philadelphia,Los Angeles Clippers,100,112
2017-03-11,DET,-6.5,212,New York,Detroit,92,112
2017-03-11,CLE,-8,215.5,Cleveland,Orlando,116,104
2017-03-11,CHA,-3.5,204,New Orleans,Charlotte,125,122
2017-03-11,MIA,-6,202,Toronto,Miami,89,104
2017-03-11,MIL,-3,203,Minnesota,Milwaukee,95,102
2017-03-11,SAS,-11,197.5,Golden State,San Antonio,85,107
2017-03-11,DAL,-5.5,218,Phoenix,Dallas,100,98
2017-03-11,MEM,-6.5,206,Atlanta,Memphis,107,90
2017-03-11,POR,-5,222.5,Washington,Portland,125,124
2017-03-11,DEN,-5,217,Denver,Sacramento,105,92
2017-03-12,BOS,-7.5,208,Chicago,Boston,80,100
2017-03-12,IND,-6.5,201,Miami,Indiana,98,102
2017-03-12,BKN,-1,221,New York,Brooklyn,112,120
2017-03-12,HOU,-7,236,Cleveland,Houston,112,117
2017-03-12,POR,-2,228,Portland,Phoenix,110,101
2017-03-12,LAL,-4.5,223,Philadelphia,Los Angeles Lakers,118,116
2017-03-13,CHA,-7.5,199.5,Chicago,Charlotte,115,109
2017-03-13,TOR,-5,196,Dallas,Toronto,78,100
2017-03-13,MIN,-2.5,214,Washington,Minnesota,104,119
2017-03-13,SAS,-7,203,Atlanta,San Antonio,99,107
2017-03-13,MEM,-4,199,Milwaukee,Memphis,93,113
2017-03-13,UTA,-1.5,202,Los Angeles Clippers,Utah,108,114
2017-03-13,DEN,-12.5,227,Los Angeles Lakers,Denver,101,129
2017-03-13,ORL,-1,206.5,Orlando,Sacramento,115,120
2017-03-14,CLE,-7,215,Detroit,Cleveland,96,128
2017-03-14,OKC,-6,226,Oklahoma City,Brooklyn,122,104
2017-03-14,IND,-3,211,Indiana,New York,81,87
2017-03-14,NOR,-4,214.5,Portland,New Orleans,77,100
2017-03-14,GSW,-17,220.5,Philadelphia,Golden State,104,106
2017-03-15,IND,-3,203.5,Charlotte,Indiana,77,98
2017-03-15,WAS,-7.5,207,Dallas,Washington,112,107
2017-03-15,BOS,-6,210,Minnesota,Boston,104,117
2017-03-15,UTA,-2,199,Utah,Detroit,97,83
2017-03-15,MIA,-6,202,New Orleans,Miami,112,120
2017-03-15,MEM,-2,201.5,Memphis,Chicago,98,91
2017-03-15,HOU,-17.5,235,Los Angeles Lakers,Houston,100,139
2017-03-15,SAS,-11,208,Portland,San Antonio,110,106
2017-03-15,PHO,-6,218,Sacramento,Phoenix,107,101
2017-03-15,LAC,-7,206.5,Milwaukee,Los Angeles Clippers,97,96
2017-03-16,CLE,-8.5,208,Utah,Cleveland,83,91
2017-03-16,TOR,-2,207.5,Oklahoma City,Toronto,123,102
2017-03-16,ATL,-4,202,Memphis,Atlanta,103,91
2017-03-16,NYK,-5,222,Brooklyn,New York,121,110
2017-03-16,DEN,-5.5,221.5,Los Angeles Clippers,Denver,114,129
2017-03-16,GSW,-14,220,Orlando,Golden State,92,122
2017-03-17,DAL,-5,205,Dallas,Philadelphia,74,116
2017-03-17,WAS,-7.5,211.5,Chicago,Washington,107,112
2017-03-17,DET,-3.5,201,Toronto,Detroit,87,75
2017-03-17,BOS,-8,214,Boston,Brooklyn,98,95
2017-03-17,HOU,-6,228,Houston,New Orleans,112,128
2017-03-17,MIA,-4,205,Minnesota,Miami,105,123
2017-03-17,PHO,-2,220.5,Orlando,Phoenix,109,103
2017-03-17,MIL,-8,213,Milwaukee,Los Angeles Lakers,107,103
2017-03-18,OKC,-12.5,212,Sacramento,Oklahoma City,94,110
2017-03-18,ATL,-1.5,214.5,Portland,Atlanta,113,97
2017-03-18,CHA,-3.5,214.5,Washington,Charlotte,93,98
2017-03-18,LAC,-14,213.5,Cleveland,Los Angeles Clippers,78,108
2017-03-18,UTA,-6,192.5,Utah,Chicago,86,95
2017-03-18,SAS,-4,196,San Antonio,Memphis,96,104
2017-03-18,HOU,-2,240.5,Houston,Denver,109,105
2017-03-18,GSW,-10.5,215,Milwaukee,Golden State,92,117
2017-03-19,DAL,-5,208,Dallas,Brooklyn,111,104
2017-03-19,BOS,-5,202,Boston,Philadelphia,99,105
2017-03-19,DET,-12.5,209,Phoenix,Detroit,95,112
2017-03-19,NOR,-3.5,208.5,Minnesota,New Orleans,109,123
2017-03-19,MIA,-5.5,214,Portland,Miami,115,104
2017-03-19,TOR,-2.5,197,Indiana,Toronto,91,116
2017-03-19,SAS,-14.5,202,Sacramento,San Antonio,102,118
2017-03-19,CLE,-12,222.5,Cleveland,Los Angeles Lakers,125,120
2017-03-20,UTA,-2,194,Utah,Indiana,100,107
2017-03-20,ORL,-6,218.5,Philadelphia,Orlando,109,112
2017-03-20,CHA,-6,205.5,Atlanta,Charlotte,90,105
2017-03-20,BOS,-4,216,Washington,Boston,102,110
2017-03-20,HOU,-8,237.5,Denver,Houston,124,125
2017-03-20,GSW,-2,223,Golden State,Oklahoma City,111,95
2017-03-20,LAC,-10.5,215.5,New York,Los Angeles Clippers,105,114
2017-03-21,TOR,-7.5,197.5,Chicago,Toronto,120,122
2017-03-21,MIA,-11.5,214.5,Phoenix,Miami,97,112
2017-03-21,DET,-5,215,Detroit,Brooklyn,96,98
2017-03-21,NOR,-2.5,207,Memphis,New Orleans,82,95
2017-03-21,GSW,-5,208,Golden State,Dallas,112,87
2017-03-21,SAS,-4,205.5,San Antonio,Minnesota,100,93
2017-03-21,POR,-3.5,208,Milwaukee,Portland,93,90
2017-03-21,LAC,-9,223,Los Angeles Clippers,Los Angeles Lakers,133,109
2017-03-22,CHA,-4,206.5,Charlotte,Orlando,109,102
2017-03-22,BOS,-6.5,208.5,Indiana,Boston,100,109
2017-03-22,DET,-2,200,Detroit,Chicago,95,117
2017-03-22,OKC,-11.5,219,Philadelphia,Oklahoma City,97,122
2017-03-22,WAS,-8,215.5,Atlanta,Washington,100,104
2017-03-22,CLE,-2,228,Cleveland,Denver,113,126
2017-03-22,MIL,-5,202.5,Milwaukee,Sacramento,116,98
2017-03-22,UTA,-12,202.5,New York,Utah,101,108
2017-03-23,MIA,-4,199.5,Toronto,Miami,101,84
2017-03-23,BKN,-5.5,227,Phoenix,Brooklyn,98,126
2017-03-23,LAC,-5,204.5,Los Angeles Clippers,Dallas,95,97
2017-03-23,SAS,-7.5,197,Memphis,San Antonio,90,97
2017-03-23,POR,-13,209.5,New York,Portland,95,110
2017-03-24,IND,-1.5,215.5,Denver,Indiana,125,117
2017-03-24,DET,-2,207.5,Detroit,Orlando,87,115
2017-03-24,WAS,-10.5,221,Brooklyn,Washington,108,129
2017-03-24,CLE,-3,210,Cleveland,Charlotte,112,105
2017-03-24,BOS,-16,217.5,Phoenix,Boston,120,130
2017-03-24,CHI,-6.5,211.5,Philadelphia,Chicago,117,107
2017-03-24,HOU,-8,231,New Orleans,Houston,107,117
2017-03-24,MIL,-7,202,Atlanta,Milwaukee,97,100
2017-03-24,GSW,-18,214.5,Sacramento,Golden State,100,114
2017-03-24,MIN,-6,219.5,Minnesota,Los Angeles Lakers,119,130
2017-03-25,LAC,-5,200,Utah,Los Angeles Clippers,95,108
2017-03-25,CLE,-6,224.5,Washington,Cleveland,127,115
2017-03-25,DAL,0,196,Toronto,Dallas,94,86
2017-03-25,SAS,-14.5,203,New York,San Antonio,98,106
2017-03-25,POR,-6,212.5,Minnesota,Portland,100,112
2017-03-26,ATL,-6.5,216.5,Brooklyn,Atlanta,107,92
2017-03-26,CHA,-13,213.5,Phoenix,Charlotte,106,120
2017-03-26,HOU,-5.5,230.5,Oklahoma City,Houston,125,137
2017-03-26,LAC,-13,211,Sacramento,Los Angeles Clippers,98,97
2017-03-26,MIL,-6.5,201.5,Chicago,Milwaukee,109,94
2017-03-26,BOS,-6,210.5,Miami,Boston,108,112
2017-03-26,IND,-9,213.5,Philadelphia,Indiana,94,107
2017-03-26,DEN,-7.5,226,New Orleans,Denver,115,90
2017-03-26,GSW,-11,209,Memphis,Golden State,94,106
2017-03-26,POR,-7,220,Portland,Los Angeles Lakers,97,81
2017-03-27,DET,-1,208,Detroit,New York,95,109
2017-03-27,TOR,-7,208.5,Orlando,Toronto,112,131
2017-03-27,SAS,-5,211.5,Cleveland,San Antonio,74,103
2017-03-27,OKC,-2,203,Oklahoma City,Dallas,92,91
2017-03-27,MEM,-6,198.5,Memphis,Sacramento,90,91
2017-03-27,UTA,-6,196,New Orleans,Utah,100,108
2017-03-28,IND,-4,207.5,Minnesota,Indiana,115,114
2017-03-28,CHA,-3.5,199,Milwaukee,Charlotte,118,108
2017-03-28,ATL,-10,217.5,Phoenix,Atlanta,91,95
2017-03-28,MIA,-3,201,Miami,Detroit,97,96
2017-03-28,BKN,-4.5,224,Philadelphia,Brooklyn,106,101
2017-03-28,HOU,-1.5,234,Golden State,Houston,113,106
2017-03-28,POR,-2,221,Denver,Portland,113,122
2017-03-28,WAS,-9,225.5,Washington,Los Angeles Lakers,119,108
2017-03-29,OKC,-5,221.5,Oklahoma City,Orlando,114,106
2017-03-29,ATL,-2,212.5,Atlanta,Philadelphia,99,92
2017-03-29,BOS,-7.5,209.5,Milwaukee,Boston,103,100
2017-03-29,MIA,-2,207.5,Miami,New York,105,88
2017-03-29,TOR,-5.5,202,Charlotte,Toronto,110,106
2017-03-29,NOR,-6,201,Dallas,New Orleans,118,121
2017-03-29,MEM,-4,197,Indiana,Memphis,97,110
2017-03-29,SAS,-4.5,206.5,Golden State,San Antonio,110,98
2017-03-29,LAC,-6.5,219,Washington,Los Angeles Clippers,124,133
2017-03-29,UTA,-8,195.5,Utah,Sacramento,112,82
2017-03-30,DET,-6.5,214,Brooklyn,Detroit,89,90
2017-03-30,CLE,-5,212,Cleveland,Chicago,93,99
2017-03-30,MIN,-11.5,218,Los Angeles Lakers,Minnesota,104,119
2017-03-30,LAC,-10,222.5,Los Angeles Clippers,Phoenix,124,118
2017-03-30,POR,0,230.5,Houston,Portland,107,117
2017-03-31,TOR,-5.5,204.5,Indiana,Toronto,100,111
2017-03-31,CHA,-2,218.5,Denver,Charlotte,114,122
2017-03-31,BOS,-10.5,216,Orlando,Boston,116,117
2017-03-31,CLE,-12.5,216.5,Philadelphia,Cleveland,105,122
2017-03-31,NOR,-11,208,Sacramento,New Orleans,89,117
2017-03-31,MIA,-10.5,203,New York,Miami,98,94
2017-03-31,MIL,-7,197,Detroit,Milwaukee,105,108
2017-03-31,SAS,-3,207.5,San Antonio,Oklahoma City,100,95
2017-03-31,MEM,-3.5,191.5,Dallas,Memphis,90,99
2017-03-31,UTA,-2.5,208.5,Washington,Utah,88,95
2017-03-31,GSW,-9,232.5,Houston,Golden State,98,107
2017-04-01,LAC,-15,220.5,Los Angeles Lakers,Los Angeles Clippers,104,115
2017-04-01,CHI,-5.5,201.5,Atlanta,Chicago,104,106
2017-04-01,BKN,-4,222,Orlando,Brooklyn,111,121
2017-04-01,MIN,-13,207.5,Sacramento,Minnesota,123,117
2017-04-01,POR,-11,224,Phoenix,Portland,117,130
2017-04-02,BOS,-7,206.5,Boston,New York,110,94
2017-04-02,OKC,-5,211.5,Charlotte,Oklahoma City,113,101
2017-04-02,MEM,-7,205,Memphis,Los Angeles Lakers,103,108
2017-04-02,MIL,-6.5,195.5,Dallas,Milwaukee,109,105
2017-04-02,SAS,-5.5,189,Utah,San Antonio,103,109
2017-04-02,NOR,-8.5,210.5,Chicago,New Orleans,117,110
2017-04-02,CLE,-8,214,Indiana,Cleveland,130,135
2017-04-02,MIA,-3.5,219,Denver,Miami,116,113
2017-04-02,ATL,-3,216,Atlanta,Brooklyn,82,91
2017-04-02,TOR,-11.5,211.5,Philadelphia,Toronto,105,113
2017-04-02,GSW,-9.5,224,Washington,Golden State,115,139
2017-04-02,HOU,-7,226.5,Houston,Phoenix,123,116
2017-04-03,MIN,-2,216,Portland,Minnesota,109,110
2017-04-04,CLE,-11,222,Orlando,Cleveland,102,122
2017-04-04,IND,-3,202.5,Toronto,Indiana,90,108
2017-04-04,BKN,-2,222.5,Brooklyn,Philadelphia,141,118
2017-04-04,WAS,-3,219.5,Charlotte,Washington,111,118
2017-04-04,NOR,-3,228.5,Denver,New Orleans,134,131
2017-04-04,CHI,-5,203.5,Chicago,New York,91,100
2017-04-04,OKC,-6,210,Milwaukee,Oklahoma City,79,110
2017-04-04,SAS,-9,195.5,Memphis,San Antonio,89,95
2017-04-04,UTA,-6,201.5,Portland,Utah,87,106
2017-04-04,GSW,-14,217.5,Minnesota,Golden State,107,121
2017-04-04,DAL,-2,197.5,Dallas,Sacramento,87,98
2017-04-05,CHA,-2.5,203.5,Miami,Charlotte,112,99
2017-04-05,TOR,-3,201.5,Toronto,Detroit,105,102
2017-04-05,BOS,-4,222,Cleveland,Boston,114,91
2017-04-05,HOU,-7.5,241,Denver,Houston,104,110
2017-04-05,OKC,-2,198.5,Oklahoma City,Memphis,103,100
2017-04-05,SAS,-13.5,208,Los Angeles Lakers,San Antonio,102,95
2017-04-05,GSW,-8,229,Golden State,Phoenix,120,111
2017-04-05,LAC,-11,204.5,Dallas,Los Angeles Clippers,101,112
2017-04-06,IND,-4.5,203.5,Milwaukee,Indiana,89,104
2017-04-06,ORL,-1,222,Brooklyn,Orlando,107,115
2017-04-06,CHI,-5,209,Chicago,Philadelphia,102,90
2017-04-06,WAS,-6,217,Washington,New York,106,103
2017-04-06,BOS,-1,208.5,Boston,Atlanta,116,123
2017-04-06,POR,-5.5,217,Minnesota,Portland,98,105
2017-04-07,CLE,-15,212.5,Atlanta,Cleveland,114,100
2017-04-07,TOR,-4.5,207,Miami,Toronto,94,96
2017-04-07,HOU,-11,224,Detroit,Houston,114,109
2017-04-07,MEM,-12.5,195.5,New York,Memphis,88,101
2017-04-07,DAL,-5,189.5,San Antonio,Dallas,102,89
2017-04-07,DEN,-7.5,229.5,New Orleans,Denver,106,122
2017-04-07,UTA,-11,197,Minnesota,Utah,113,120
2017-04-07,OKC,-9,229,Oklahoma City,Phoenix,99,120
2017-04-07,LAL,-2.5,217,Sacramento,Los Angeles Lakers,94,98
2017-04-08,CHI,-3,215,Chicago,Brooklyn,106,107
2017-04-08,IND,-4,212.5,Indiana,Orlando,127,112
2017-04-08,CHA,-1.5,214,Boston,Charlotte,121,114
2017-04-08,MIL,-7,209.5,Milwaukee,Philadelphia,90,82
2017-04-08,WAS,-3.5,216.5,Miami,Washington,106,103
2017-04-08,SAS,-1.5,208,Los Angeles Clippers,San Antonio,98,87
2017-04-08,POR,-2.5,201.5,Utah,Portland,86,101
2017-04-08,GSW,-17,216,New Orleans,Golden State,101,123
2017-04-09,TOR,-9,201,Toronto,New York,110,97
2017-04-09,CLE,-5,214,Cleveland,Atlanta,125,126
2017-04-09,DEN,-5,229.5,Oklahoma City,Denver,106,105
2017-04-09,PHO,-2.5,210.5,Dallas,Phoenix,111,124
2017-04-09,HOU,-9,226,Houston,Sacramento,135,128
2017-04-09,MEM,-5.5,193.5,Detroit,Memphis,103,90
2017-04-09,MIN,-6,221.5,Minnesota,Los Angeles Lakers,109,110
2017-04-10,IND,-8,211.5,Indiana,Philadelphia,120,111
2017-04-10,BOS,-10.5,222.5,Brooklyn,Boston,105,114
2017-04-10,MIA,-10.5,204,Cleveland,Miami,121,124
2017-04-10,CHI,-8,214.5,Orlando,Chicago,75,122
2017-04-10,DET,-5.5,208.5,Washington,Detroit,105,101
2017-04-10,MIL,-6.5,197.5,Charlotte,Milwaukee,79,89
2017-04-10,SAS,-10,192.5,San Antonio,Portland,98,99
2017-04-10,GSW,-10.5,205.5,Utah,Golden State,105,99
2017-04-10,LAC,-9.5,231.5,Houston,Los Angeles Clippers,96,125
2017-04-11,ATL,-8,203,Charlotte,Atlanta,76,103
2017-04-11,MIN,-8,208.5,Oklahoma City,Minnesota,100,98
2017-04-11,DAL,-2.5,213.5,Denver,Dallas,109,91
2017-04-11,LAL,-2.5,218.5,New Orleans,Los Angeles Lakers,96,108
2017-04-11,SAC,-4.5,219,Phoenix,Sacramento,104,129
2017-04-12,BOS,-13.5,206,Milwaukee,Boston,94,112
2017-04-12,CHI,-14.5,212.5,Brooklyn,Chicago,73,112
2017-04-12,TOR,-4,201.5,Toronto,Cleveland,98,83
2017-04-12,HOU,-8,227,Minnesota,Houston,118,123
2017-04-12,IND,-15,200,Atlanta,Indiana,86,104
2017-04-12,MIA,-11.5,206,Washington,Miami,102,110
2017-04-12,NYK,-3,209,Philadelphia,New York,113,114
2017-04-12,ORL,-1.5,205.5,Detroit,Orlando,109,113
2017-04-12,OKC,-6,224.5,Denver,Oklahoma City,111,105
2017-04-12,MEM,-8.5,189,Dallas,Memphis,100,93
2017-04-12,UTA,-4,192,San Antonio,Utah,97,101
2017-04-12,GSW,-13.5,222,Los Angeles Lakers,Golden State,94,109
2017-04-12,LAC,-17,209,Sacramento,Los Angeles Clippers,95,115
2017-04-12,POR,-6.5,202.5,New Orleans,Portland,103,100
